CNPJ_Companhia;Data_Referencia;Versao;ID_Documento;Nome_Companhia;Quantidade_Acionistas_PF;Quantidade_Acionistas_PJ;Quantidade_Acionistas_Investidores_Institucionais;Quantidade_Acoes_Ordinarias_Circulacao;Percentual_Acoes_Ordinarias_Circulacao;Quantidade_Acoes_Preferenciais_Circulacao;Percentual_Acoes_Preferenciais_Circulacao;Quantidade_Total_Acoes_Circulacao;Percentual_Total_Acoes_Circulacao;Data_Ultima_Assembleia
00.000.000/0001-91;2024-12-31;8;142110;BCO BRASIL S.A.;1166340;14908;1246;2842613858;49.602000;0;0.000000;2842613858;49.602000;2024-04-26
00.000.208/0001-00;2024-12-31;5;142124;BRB BANCO DE BRASILIA S.A.;3509;28;4;43985425;15.445000;32764415;28.981000;76749840;19.292000;2024-05-10
00.001.180/0001-26;2024-12-31;9;141946;CENTRAIS ELET BRAS S.A. - ELETROBRAS;144406;10701;677;1977170723;97.541000;268875696;95.997000;2246046419;97.354000;2024-04-26
00.070.698/0001-11;2024-12-31;4;141717;COMPANHIA ENERGÉTICA DE BRASÍLIA - CEB;10545;94;18;2444275;6.805000;11864425;32.810000;14308700;19.851000;2024-04-25
00.080.671/0001-00;2024-12-31;3;141893;CARAMURU ALIMENTOS S.A.;6;4;0;2444400;10.000000;0;0.000000;2444400;10.000000;2024-04-30
00.192.769/0001-59;2024-12-31;1;138409;NEUMARKT TRADE AND FINANCIAL CENTER S/A;0;1;0;0;0.000000;0;0.000000;0;0.000000;2014-08-29
00.194.724/0001-13;2024-12-31;3;141581;AES BRASIL OPERAÇÕES S.A.;0;1;0;2031549574;100.000000;0;0.000000;2031549574;100.000000;2023-04-27
00.242.184/0001-04;2024-12-31;3;141796;ARMAC LOCAÇÃO, LOGÍSTICA E SERVIÇOS S.A.;2483;29;151;171598756;48.840000;0;0.000000;171598756;48.840000;2024-04-26
00.272.185/0001-93;2024-12-31;1;138318;CIMS S.A.;0;2;0;0;0.000000;0;0.000000;0;0.000000;2024-02-27
00.336.701/0001-04;2024-12-31;1;138306;TELEC BRASILEIRAS S.A. TELEBRAS;6482;1508;27;1002121;1.474000;2176766;11.825000;3178887;3.680000;2024-04-23
00.357.038/0001-16;2024-12-31;5;142109;CENTRAIS ELÉTRICAS DO NORTE DO BRASIL S.A.;0;1;0;0;0.000000;0;0.000000;0;0.000000;2024-05-09
00.359.742/0001-08;2024-12-31;1;138789;ATOM EMPREENDIMENTOS E PARTICIPAÇÕES S.A.;5823;26;0;6378395;26.794000;0;0.000000;6378395;26.794000;2024-04-29
00.383.281/0001-09;2024-12-31;3;141735;BNDES PARTICIPACOES S.A. - BNDESPAR;0;1;0;0;0.000000;0;0.000000;0;0.000000;2023-04-28
00.389.481/0001-79;2024-12-31;2;139589;LM TRANSPORTES INTERESTADUAIS SERVIÇOS E COMÉRCIO S.A.;2;1;0;0;0.000000;0;0.000000;0;0.000000;2023-04-28
00.545.378/0001-70;2024-12-31;1;136101;SERRA AZUL WATER PARK SA;0;0;1;29188116;100.000000;0;0.000000;29188116;100.000000;2023-03-16
00.622.416/0001-41;2024-12-31;1;138614;STATKRAFT ENERGIAS RENOVAVEIS S.A.;0;1;0;0;0.000000;0;0.000000;0;0.000000;2023-12-21
00.644.907/0001-93;2024-12-31;2;140017;INVESTCO S.A.;30;17;0;108594447;27.000000;187196746;48.723000;295791193;37.613000;2024-04-29
00.743.065/0001-27;2024-12-31;2;137996;LITEL PARTICIPACOES S.A.;0;3;1;41758317;19.378000;0;0.000000;41758317;19.378000;2019-09-09
00.776.574/0001-56;2024-12-31;10;142023;AMERICANAS S.A. - EM RECUPERAÇÃO JUDICIAL;151586;1473;388;100096178;49.993000;0;0.000000;100096178;49.993000;2024-09-05
00.864.214/0001-06;2024-12-31;7;141912;ENERGISA S.A.;27749;657;1230;327430406;36.905000;1304701203;93.047000;1632131609;71.290000;2024-04-30
00.873.894/0001-24;2024-12-31;1;138299;LETS RENT A CAR S/A;0;1;0;0;0.000000;0;0.000000;0;0.000000;2024-04-19
00.897.864/0001-58;2024-12-31;1;138445;SANTA CATARINA PART INVEST SA;0;2;0;200000;100.000000;0;0.000000;200000;100.000000;1995-11-13
00.924.429/0001-75;2024-12-31;2;140568;FERROVIA CENTRO-ATLANTICA S.A.;1;5;1;23;0.000000;3;15.789000;26;0.000000;2021-08-09
00.938.574/0001-05;2024-12-31;3;141383;CONC RIO-TERESOPOLIS S.A.;0;7;1;0;0.000000;0;0.000000;0;0.000000;2024-04-11
00.974.211/0001-25;2024-12-31;1;137926;LINHA AMARELA S.A. - LAMSA;0;1;0;0;0.000000;0;0.000000;0;0.000000;2024-04-30
00.979.969/0001-56;2024-12-31;1;136648;CAIXA ADM DIV PUB ESTADUAL SA;3;1;0;2402611661;100.000000;0;0.000000;2402611661;100.000000;2024-04-02
01.027.058/0001-91;2024-12-31;10;142161;CIELO S.A. -  INSTITUIÇÃO DE PAGAMENTO;119328;1117;220;901216297;33.777000;0;0.000000;901216297;33.777000;2024-04-30
01.083.200/0001-18;2024-12-31;5;141823;NEOENERGIA S.A.;65483;285;597;195036523;16.068000;0;0.000000;195036523;16.068000;2024-04-19
01.104.937/0001-70;2024-12-31;3;139871;ELETROBRÁS PARTICIPAÇÕES S.A. - ELETROPAR;585;31;19;287178;2.441000;0;0.000000;287178;2.441000;2024-04-29
01.107.327/0001-20;2024-12-31;4;142006;BBM LOGÍSTICA S.A.;2;0;1;0;0.000000;0;0.000000;0;0.000000;2024-04-26
01.258.944/0001-26;2024-12-31;2;139644;RUMO MALHA SUL S.A.;0;1;0;0;0.000000;0;0.000000;0;0.000000;2020-04-30
01.319.044/0001-41;2024-12-31;1;137920;WTC AMAZONAS SUITE HOTEL S.A.;2;0;0;100;100.000000;0;0.000000;100;100.000000;2021-05-04
01.417.222/0001-77;2024-12-31;3;141908;MRS LOGISTICA S.A.;540;13;1;3187420;1.703000;1050877;0.697000;4238297;1.254000;2024-04-26
01.543.032/0001-04;2024-12-31;5;141924;EQUATORIAL GOIÁS DISTRIBUIDORA DE ENERGIA S.A.;20;1;1;102022;0.036000;0;0.000000;102022;0.036000;2024-04-26
01.545.826/0001-07;2024-12-31;5;141958;GAFISA S.A.;30628;255;51;115878978;99.951000;0;0.000000;115878978;99.951000;2024-04-26
01.548.981/0001-79;2024-12-31;4;141788;INVESTIMENTOS BEMGE S.A.;1264;124;4;15919;2.010000;26651;1.696000;42570;1.801000;2024-04-30
01.599.101/0001-93;2024-12-31;7;141720;SEQUOIA LOGÍSTICA E TRANSPORTES S.A.;25865;103;83;21788816;97.195000;0;0.000000;21788816;97.195000;2024-05-20
01.616.929/0001-02;2024-12-31;5;141681;SANEAMENTO DE GOIAS SA;1;60;2;0;0.000000;0;0.000000;0;0.000000;2022-01-25
01.637.895/0001-32;2024-12-31;4;142116;VOTORANTIM CIMENTOS S.A.;0;2;0;0;0.000000;0;0.000000;0;0.000000;2023-05-08
01.838.723/0001-27;2024-12-31;4;141516;BRF S.A.;64351;1527;1278;814523002;48.412000;0;0.000000;814523002;48.412000;2024-03-28
01.851.771/0001-55;2024-12-31;1;138018;524 PARTICIPACOES S.A.;0;1;1;0;0.000000;0;0.000000;0;0.000000;2024-04-30
01.896.779/0001-38;2024-12-31;2;140772;CSU DIGITAL S.A.;18815;70;139;18540443;44.355000;0;0.000000;18540443;44.355000;2024-04-29
01.917.818/0001-36;2024-12-31;3;139427;LIGHT ENERGIA S.A.;0;1;0;0;0.000000;0;0.000000;0;0.000000;2024-04-30
01.938.783/0001-11;2024-12-31;3;141907;CIA PARTICIPACOES ALIANCA DA BAHIA;1557;27;6;6060257;63.821000;3036779;32.264000;9097036;48.112000;2024-04-30
01.957.772/0001-89;2024-12-31;1;138563;SUL 116 PARTICIPACOES S.A.;0;4;1;0;0.000000;0;0.000000;0;0.000000;2014-12-26
01.968.293/0001-68;2024-12-31;1;138438;ELETRORIVER S.A.;7;1;0;10492663;34.034000;10492662;34.034000;20985325;34.034000;2024-04-05
01.989.044/0001-59;2024-12-31;2;138603;WTC RIO EMPREEND. E PARTICIPAÇÕES S.A.;2;0;0;1000;100.000000;0;0.000000;1000;100.000000;2021-05-04
02.016.440/0001-62;2024-12-31;3;141686;RGE SUL DISTRIBUIDORA DE ENERGIA S.A.;0;1;0;0;0.000000;0;0.000000;0;0.000000;2024-04-25
02.016.507/0001-69;2024-12-31;1;135512;CIA DE GER. E TRANS. DE ENERGIA ELÉTRICA DO SUL DO BRASIL;0;1;0;0;0.000000;0;0.000000;0;0.000000;2024-03-28
02.031.413/0001-69;2024-12-31;2;141433;PETRO RIO JAGUAR PETRÓLEO S.A.;0;1;0;0;0.000000;0;0.000000;0;0.000000;2023-12-29
02.041.460/0001-93;2024-12-31;2;141894;V. TAL - REDE NEUTRA DE TELECOMUNICAÇÕES S.A.;0;2;3;0;0.000000;0;0.000000;0;0.000000;2024-07-18
02.062.747/0001-08;2024-12-31;2;139763;SUDESTE S.A.;0;1;1;0;0.000000;0;0.000000;0;0.000000;2024-07-18
02.149.205/0001-69;2024-12-31;3;142159;PORTO SEGURO S.A.;127965;407;512;182560698;28.235000;0;0.000000;182560698;28.235000;2024-03-28
02.162.616/0001-94;2024-12-31;1;138211;UPTICK PARTICIPACOES S.A.;1;1;0;0;0.000000;0;0.000000;0;0.000000;2024-04-29
02.193.750/0001-52;2024-12-31;3;140684;DEXXOS PARTICIPAÇÕES S.A.;9834;586;86;103538752;100.000000;5410526;93.741000;108949278;99.669000;2024-07-11
02.201.787/0001-85;2024-12-31;1;137982;CEL PARTICIPAÇÕES S.A. - CELPAR;4;1;0;2609000;100.000000;30;100.000000;2609030;100.000000;2012-04-30
02.217.319/0001-07;2024-12-31;6;141884;YBYRÁ CAPITAL S.A.;2;2;0;57121260;49.000000;116571000;99.997000;173692260;74.499000;2023-04-27
02.255.187/0001-08;2024-12-31;4;141971;UNIFIQUE TELECOMUNICAÇÕES S.A.;19913;130;81;90356595;24.957000;0;0.000000;90356595;24.957000;2024-04-30
02.258.422/0001-97;2024-12-31;1;137781;INEPAR EQUIPAMENTOS E MONTAGENS S/A - EM RECUPERACAO JUDICIA;0;1;0;0;0.000000;0;0.000000;0;0.000000;2012-05-03
02.281.836/0001-37;2024-12-31;1;138599;TRANSNORDESTINA LOGISTICA SA;0;7;0;28313622;100.000000;27649471;100.000000;55963093;100.000000;2022-11-11
02.286.479/0001-08;2024-12-31;1;138772;LOCALIZA FLEET S.A.;0;1;0;0;0.000000;0;0.000000;0;0.000000;2024-04-10
02.291.077/0001-93;2024-12-31;1;138226;PRODUTORES ENERGET.DE MANSO S.A.- PROMAN;0;1;5;45000;45.000000;0;0.000000;45000;45.000000;2024-04-25
02.302.100/0001-06;2024-12-31;2;140674;EDP SÃO PAULO DISTRIBUIÇÃO DE ENERGIA S.A.;0;1;0;0;0.000000;0;0.000000;0;0.000000;2024-04-30
02.302.101/0001-42;2024-12-31;7;142148;EMAE - EMPRESA METROP.AGUAS ENERGIA S.A.;29828;212;28;1096;0.007000;5543467;24.924000;5544563;15.007000;2024-04-08
02.328.280/0001-97;2024-12-31;2;140925;ELEKTRO REDES S.A.;1702;15;8;25147;0.027000;598697;0.588000;623844;0.322000;2024-04-12
02.338.534/0001-58;2024-12-31;2;139125;LONGDIS S.A.;3;3;0;24027;0.223000;0;0.000000;24027;0.223000;2024-04-29
02.351.144/0001-18;2024-12-31;4;142003;TEGMA GESTAO LOGISTICA S.A.;11823;72;221;32001379;48.485000;0;0.000000;32001379;48.485000;2024-04-11
02.351.877/0001-52;2024-12-31;3;141645;LWSA S/A;39218;281;475;420626825;70.470000;0;0.000000;420626825;70.470000;2024-04-30
02.357.251/0001-53;2024-12-31;1;138502;LIFEMED INDUSTRIAL DE EQUIP. E ART. MEDICOS E HOSP. S.A;0;4;0;0;0.000000;0;0.000000;0;0.000000;2024-04-25
02.365.069/0001-44;2024-12-31;2;140760;PADTEC HOLDING S.A.;6386;47;8;35543161;44.725000;0;0.000000;35543161;44.725000;2024-04-26
02.382.073/0001-10;2024-12-31;2;140746;PROLAGOS S/A - CONC.DE SERVICOS PÚBLICOS DE ÁGUA E ESGOTO;0;2;0;1;0.000000;0;0.000000;1;0.000000;2024-04-18
02.387.241/0001-60;2024-12-31;7;142056;RUMO S.A.;40305;292;1182;1854868949;100.000000;0;0.000000;1854868949;100.000000;2024-04-30
02.397.080/0001-96;2024-12-31;2;141431;ITAPEBI GERACAO DE ENERGIA S.A.;0;1;0;0;0.000000;0;0.000000;0;0.000000;2024-04-16
02.421.421/0001-11;2024-12-31;3;141896;TIM S.A.;1281983;223488;88;807495418;33.356000;0;0.000000;807495418;33.356000;2024-03-28
02.429.144/0001-93;2024-12-31;2;141286;CPFL ENERGIA S.A.;118271;5294;1257;187732538;16.293000;0;0.000000;187732538;16.293000;2024-04-26
02.451.848/0001-62;2024-12-31;2;139764;CONC SIST ANHANG-BANDEIRANT S.A. AUTOBAN;0;1;0;0;0.000000;0;0.000000;0;0.000000;2024-02-27
02.474.103/0001-19;2024-12-31;6;142134;ENGIE BRASIL ENERGIA S.A.;263061;7565;1094;255236938;31.282000;0;0.000000;255236938;31.282000;2024-04-25
02.502.844/0001-66;2024-12-31;4;139645;RUMO MALHA PAULISTA S.A.;0;1;0;0;0.000000;0;0.000000;0;0.000000;2019-04-30
02.509.491/0001-26;2024-12-31;1;138048;CONC ECOVIAS IMIGRANTES S.A.;0;1;0;0;0.000000;0;0.000000;0;0.000000;2024-04-16
02.536.066/0001-26;2024-12-31;3;140393;VITAL ENGENHARIA AMBIENTAL S.A.;0;2;0;3349180;49.768000;4297542;100.000000;7646722;69.345000;2024-04-04
02.558.157/0001-62;2024-12-31;1;138285;TELEFÔNICA BRASIL S.A;1518183;246594;3173;407257128;24.644000;0;0.000000;407257128;24.644000;2024-04-11
02.560.878/0001-07;2024-12-31;2;139936;HOSPITAL ANCHIETA S.A.;0;1;0;0;0.000000;0;0.000000;0;0.000000;2024-04-30
02.591.787/0001-39;2024-12-31;2;137932;CAPITALPART PARTICIPACOES S.A.;0;1;0;815;100.000000;1470;100.000000;2285;100.000000;2024-04-29
02.600.854/0001-34;2024-12-31;2;140531;TIM BRASIL SERVIÇOS E PARTICIPAÇÕES S.A.;0;2;0;0;0.000000;0;0.000000;0;0.000000;2024-03-28
02.635.522/0001-95;2024-03-31;14;139950;JALLES MACHADO S.A.;22697;135;219;96209287;31.696000;0;0.000000;96209287;31.696000;2023-07-31
02.664.042/0001-52;2024-12-31;1;137918;TERMINAL GARAGEM MENEZES CORTES S.A.;1;2;0;0;0.000000;0;0.000000;0;0.000000;2013-04-16
02.682.287/0001-02;2024-12-31;1;138181;PAN FINANCEIRA S.A. - CRÉDITO, FINANCIAMENTO E INVESTIMENTO;0;2;0;11000;100.000000;0;0.000000;11000;100.000000;2021-04-29
02.724.983/0001-34;2024-12-31;1;138513;SANESALTO SANEAMENTO S.A.;0;1;0;0;0.000000;0;0.000000;0;0.000000;2023-04-28
02.762.113/0001-50;2024-12-31;1;138149;BRAZILIAN FINANCE E REAL ESTATE S.A.;0;1;0;0;0.000000;0;0.000000;0;0.000000;2021-04-29
02.762.121/0001-04;2024-12-31;7;141703;SANTOS BRASIL PARTICIPACOES S.A.;48406;215;580;855712622;99.021000;0;0.000000;855712622;99.021000;2024-07-19
02.762.124/0001-30;2024-12-31;1;138019;BETAPART PARTICIPACOES S.A.;4;0;0;1;0.000000;0;0.000000;1;0.000000;2014-04-28
02.783.423/0001-50;2024-12-31;1;138547;ALTERE SECURITIZADORA S.A.;2;0;0;36218984;100.000000;0;0.000000;36218984;100.000000;2020-04-30
02.796.775/0001-40;2024-12-31;1;138021;GAMA PARTICIPACOES S.A.;0;2;1;0;0.000000;0;0.000000;0;0.000000;2015-04-27
02.800.026/0001-40;2024-12-31;6;141393;COGNA EDUCAÇÃO S.A.;184104;709;450;1872454628;99.779000;0;0.000000;1872454628;99.779000;2024-04-29
02.846.056/0001-97;2024-12-31;9;141095;CCR S.A.;29338;178;1070;991920937;49.105000;0;0.000000;991920937;49.105000;2024-04-18
02.860.694/0001-62;2024-12-31;2;139212;T4F ENTRETENIMENTO S.A.;14555;121;1;33258852;49.488000;0;0.000000;33258852;49.488000;2022-04-29
02.916.265/0001-60;2024-12-31;6;142151;JBS S.A.;94512;1567;665;1142696472;51.517000;0;0.000000;1142696472;51.517000;2024-04-26
02.919.555/0001-67;2024-12-31;1;138269;ARTERIS S.A.;0;4;0;0;0.000000;0;0.000000;0;0.000000;2017-06-14
02.932.074/0001-91;2024-12-31;4;142160;HYPERA S.A.;41115;643;773;370735677;58.529000;0;0.000000;370735677;58.529000;2024-04-23
02.950.811/0001-89;2024-12-31;9;142086;PDG REALTY S.A. EMPREEND E PARTICIPACOES;14296;241;26;1743494885;99.999000;0;0.000000;1743494885;99.999000;2024-05-29
02.992.449/0001-09;2024-12-31;1;138026;PROMPT PARTICIPACOES S.A.;0;1;2;0;0.000000;0;0.000000;0;0.000000;2024-04-30
02.998.301/0001-81;2024-12-31;3;140404;RIO PARANAPANEMA ENERGIA S.A.;10222;53;188;297036;0.944000;3300250;5.242000;3597286;3.809000;2024-04-30
02.998.611/0001-04;2024-12-31;9;141770;CTEEP - CIA TRANSMISSÃO ENERGIA ELÉTRICA PAULISTA;297360;2013;248;27080900;10.499000;395801044;98.717000;422881944;64.182000;2024-07-04
03.014.553/0001-91;2024-12-31;2;138912;TPI - TRIUNFO PARTICIP. E INVEST. S.A.;11299;57;26;18532521;42.119000;0;0.000000;18532521;42.119000;2024-05-16
03.025.305/0001-46;2024-12-31;2;138967;RODOVIAS DAS COLINAS S.A.;0;1;0;0;0.000000;0;0.000000;0;0.000000;2012-06-29
03.207.703/0001-83;2024-12-31;4;140368;CONCESSIONARIA DE RODOVIAS DO INTERIOR PAULISTA S/A;0;2;0;0;0.000000;0;0.000000;0;0.000000;2016-04-29
03.220.438/0001-73;2024-12-31;16;142011;EQUATORIAL S.A.;55294;382;2014;1170141041;99.914000;0;0.000000;1170141041;99.914000;2024-04-30
03.279.285/0001-30;2024-12-31;5;141757;ORIZON MEIO AMBIENTE S.A.;0;1;0;0;0.000000;0;0.000000;0;0.000000;2024-04-30
03.303.999/0001-36;2024-12-31;1;138440;DTCOM - DIRECT TO COMPANY S.A.;579;6;0;225512;2.111000;0;0.000000;225512;2.026000;2021-04-30
03.342.704/0001-30;2024-12-31;8;141562;PETRORECÔNCAVO S.A.;29321;551;22;275699226;93.950000;0;0.000000;275699226;93.950000;2024-05-29
03.378.521/0001-75;2024-12-31;6;141833;LIGHT S.A. - EM RECUPERAÇÃO JUDICIAL;13997;256;186;372549624;99.998000;0;0.000000;372549624;99.998000;2024-04-30
03.467.321/0001-99;2024-12-31;2;141824;ENERGISA MATO GROSSO-DISTRIBUIDORA DE ENERGIA S/A;318;60;9;3983194;5.274000;1063437;0.742000;5046631;2.305000;2024-04-29
03.538.833/0001-07;2024-12-31;1;138027;XX DE NOVEMBRO INVESTIMENTOS E PARTICIPAÇÕES S.A.;1;0;1;0;0.000000;0;0.000000;0;0.000000;2023-04-28
03.758.318/0001-24;2024-12-31;3;139526;INVESTIMENTOS E PARTICIP. EM INFRA S.A. - INVEPAR;0;1;3;143057124;100.000000;286114248;100.000000;429171372;100.000000;2024-04-30
03.767.538/0001-14;2024-12-31;2;141800;BRAZILIAN SECURITIES CIA SECURITIZACAO;0;1;0;0;0.000000;0;0.000000;0;0.000000;2021-04-29
03.795.050/0001-09;2024-12-31;1;137713;TERMOPERNAMBUCO S.A.;0;1;0;0;0.000000;0;0.000000;0;0.000000;2024-04-16
03.802.115/0001-98;2024-12-31;3;141996;CLEAR SALE S.A.;6373;57;129;55609742;29.591000;0;0.000000;55609742;29.591000;2022-12-31
03.818.379/0001-30;2024-12-31;1;138688;SABER SERVIÇOS EDUCACIONAIS S.A.;0;2;0;0;0.000000;0;0.000000;0;0.000000;2024-04-29
03.820.456/0001-96;2024-12-31;1;138437;BSB ENERGÉTICA S.A.;0;2;0;272565;9.000000;0;0.000000;272565;9.000000;2024-05-27
03.847.461/0001-92;2024-12-31;5;141860;BRADESPAR S.A.;199403;10654;373;30318991;21.972000;250969312;98.378000;281288303;71.557000;2024-09-03
03.853.896/0001-40;2024-12-31;6;142136;MARFRIG GLOBAL FOODS S.A.;95740;1020;1255;302019876;33.336000;0;0.000000;302019876;33.336000;2024-04-29
03.953.509/0001-47;2024-12-31;3;141760;CPFL GERACAO DE ENERGIA S.A.;0;1;0;0;0.000000;0;0.000000;0;0.000000;2024-04-26
03.983.431/0001-03;2024-12-31;2;140468;EDP - ENERGIAS DO BRASIL S.A.;0;2;0;0;0.000000;0;0.000000;0;0.000000;2024-04-08
04.030.182/0001-02;2024-12-31;1;138590;CABINDA PARTICIPACOES S.A.;1;1;0;2537890;100.000000;5075781;100.000000;7613671;100.000000;2024-04-29
04.031.213/0001-31;2024-12-31;1;138591;CACONDE PARTICIPACOES S.A.;1;1;0;0;0.000000;0;0.000000;0;0.000000;2024-04-29
04.032.433/0001-80;2024-12-31;2;139747;ATMA PARTICIPAÇÕES S.A. - EM RECUPERAÇÃO JUDICIAL;3518;14;43;10169539;38.073000;0;0.000000;10169539;38.073000;2024-05-10
04.038.763/0001-82;2024-12-31;1;138593;CAIANDA PARTICIPACOES S.A.;1;1;0;0;0.000000;0;0.000000;0;0.000000;2024-04-29
04.065.053/0001-41;2024-12-31;2;140256;BRZ EMPREENDIMENTOS E CONSTRUÇÕES S.A.;1;1;0;0;0.000000;0;0.000000;0;0.000000;2023-12-05
04.069.709/0001-02;2024-12-31;2;139006;BIONEXO S.A.;1;1;3;41007292;21.809000;0;0.000000;41007292;21.809000;2024-04-30
04.089.570/0001-50;2024-12-31;2;141637;ÁGUAS GUARIROBA S.A;0;2;0;1;0.000000;0;0.000000;1;0.000000;2024-04-26
04.149.454/0001-80;2024-12-31;2;139025;ECORODOVIAS INFRAESTRUTURA E LOGÍSTICA S.A.;29413;332;236;334032615;48.025000;0;0.000000;334032615;48.025000;2024-04-17
04.172.213/0001-51;2024-12-31;3;141685;CIA PIRATININGA DE FORCA E LUZ;0;1;0;0;0.000000;0;0.000000;0;0.000000;2024-04-25
04.212.396/0001-91;2024-12-31;4;141992;AGASUS S.A.;0;1;0;0;0.000000;0;0.000000;0;0.000000;2024-04-30
04.368.865/0001-66;2024-12-31;4;141664;LIGGA TELECOMUNICAÇÕES S.A.;1;1;0;0;0.000000;0;0.000000;0;0.000000;2024-01-19
04.368.898/0001-06;2024-12-31;7;142071;COPEL DISTRIBUIÇÃO S.A.;0;1;0;5372205948;100.000000;0;0.000000;5372205948;100.000000;2024-04-22
04.370.282/0001-70;2024-12-31;4;142072;COPEL GERAÇÃO E TRANSMISSÃO S.A.;0;1;0;0;0.000000;0;0.000000;0;0.000000;2023-04-28
04.423.567/0001-21;2024-12-31;6;142149;ENEVA S.A;28871;150;826;1808999467;99.765000;0;0.000000;1808999467;99.765000;2024-09-30
04.739.720/0001-24;2024-12-31;1;139344;USINA TERMELÉTRICA PAMPA SUL S.A.;0;2;0;0;0.000000;0;0.000000;0;0.000000;2023-01-06
04.752.991/0001-10;2024-12-31;2;139288;BIOMM S.A.;2053;118;0;89037212;70.196000;0;0.000000;89037212;70.196000;2024-04-17
04.821.041/0001-08;2024-12-31;2;139576;METALFRIO SOLUTIONS S.A.;306;16;1;4047781;64.391000;0;0.000000;4047781;64.391000;2024-06-28
04.895.728/0001-80;2024-12-31;4;141930;EQUATORIAL PARÁ DISTRIBUIDORA DE ENERGIA S.A.;3521;70;156;42028010;1.924000;2459948;55.908000;44487958;2.033000;2023-04-28
04.902.979/0001-44;2024-12-31;4;141716;BCO AMAZONIA S.A.;16026;570;3;1678339;2.994000;0;0.000000;1678339;2.994000;2023-09-19
04.912.242/0001-02;2024-12-31;1;137786;PORTUENSE FERRAGENS S/A;218;1;0;24;0.343000;5;0.167000;29;0.290000;2001-04-30
04.913.711/0001-08;2024-12-31;3;141268;BCO ESTADO DO PARA S.A.;219;119;1;2197;0.023000;0;0.000000;2197;0.023000;2024-04-24
04.972.092/0001-22;2024-12-31;2;141601;GRUPO FARTURA DE HORTIFRUT S.A.;4;2;0;0;0.000000;0;0.000000;0;0.000000;2024-04-26
04.986.320/0001-13;2024-12-31;9;141699;SER EDUCACIONAL S.A.;11333;51;116;52255107;40.595000;0;0.000000;52255107;40.595000;2024-04-26
04.992.714/0001-84;2024-12-31;6;141723;NOVA TRANSPORTADORA DO SUDESTE S.A. - NTS;0;2;0;0;0.000000;0;0.000000;0;0.000000;2023-01-12
05.197.443/0001-38;2024-12-31;5;141626;HAPVIDA PARTICIPAÇÕES E INVESTIMENTOS S.A.;57149;253;1711;4779395040;63.392000;0;0.000000;4779395040;63.392000;2024-04-30
05.336.882/0001-84;2024-12-31;2;141586;CACHOEIRA PAULISTA TRANSMISSORA ENERGIA S.A.;0;1;0;20000000;100.000000;0;0.000000;20000000;100.000000;2023-07-27
05.347.060/0001-07;2024-12-31;2;138730;INTERPLAYERS SOLUÇÕES INTEGRADAS S.A.;3;1;1;0;0.000000;0;0.000000;0;0.000000;2024-03-28
05.878.397/0001-32;2024-12-31;6;141918;ALLOS S.A.;58581;347;1209;492391336;87.859000;0;0.000000;492391336;87.859000;2024-04-30
05.917.486/0001-40;2024-12-31;2;141650;LIVETECH DA BAHIA INDÚSTRIA E COMÉRCIO S.A.;5266;81;0;21189121;32.769000;0;0.000000;21189121;32.769000;2024-04-18
06.016.348/0001-53;2024-12-31;4;142106;VENTOS DO SUL ENERGIA S.A.;0;2;0;0;0.000000;0;0.000000;0;0.000000;2024-02-23
06.047.087/0001-39;2024-12-31;6;142126;REDE D'OR SÃO LUIZ S.A.;73356;1715;0;1145289019;50.028000;0;0.000000;1145289019;50.028000;2024-04-30
06.057.223/0001-71;2024-12-31;10;141979;SENDAS DISTRIBUIDORA S.A.;35769;2139;1313925;1349615620;99.817000;0;0.000000;1349615620;99.817000;2024-04-26
06.164.253/0001-87;2024-12-31;8;142138;GOL LINHAS AEREAS INTELIGENTES S.A.;101313;323;104;0;0.000000;172421054;50.923000;172421054;5.384000;2023-04-30
06.272.793/0001-84;2024-12-31;9;142010;EQUATORIAL MARANHÃO DISTRIBUIDORA DE ENERGIA S.A.;1563;20;28;2421053;1.501000;19127;0.668000;2440180;1.486000;2024-04-29
06.347.409/0001-65;2024-12-31;1;138064;SBF COMÉRCIO DE PRODUTOS ESPORTIVOS S.A.;0;1;0;0;0.000000;0;0.000000;0;0.000000;2024-04-26
06.626.253/0001-51;2024-12-31;4;141765;EMPREENDIMENTOS PAGUE MENOS S.A.;23688;56;151;180312899;30.997000;0;0.000000;180312899;30.997000;2024-04-29
06.977.745/0001-91;2024-12-31;2;141494;BR MALLS PARTICIPACOES S.A.;0;1;0;0;0.000000;0;0.000000;0;0.000000;2024-04-30
06.981.176/0001-58;2024-12-31;2;138774;CEMIG GERACAO E TRANSMISSAO S.A.;0;1;0;0;0.000000;0;0.000000;0;0.000000;2024-04-29
06.981.180/0001-16;2024-12-31;7;141959;CEMIG DISTRIBUICAO S.A.;0;1;0;0;0.000000;0;0.000000;0;0.000000;2024-04-29
06.981.381/0001-13;2024-03-31;11;141302;CTC - CENTRO DE TECNOLOGIA CANAVIEIRA S.A.;0;86;1;63838800;19.903000;0;0.000000;63838800;19.903000;2023-06-20
07.040.108/0001-57;2024-12-31;3;139580;CAGECE - CIA DE AGUA E ESGOTO DO CEARA;4;5;0;21340663;11.479000;18169;31.625000;21358832;11.486000;2023-12-29
07.043.628/0001-13;2024-12-31;2;139220;CLARO TELECOM PARTICIPAÇÕES S.A.;0;2;0;0;0.000000;0;0.000000;0;0.000000;2024-04-29
07.047.251/0001-70;2024-12-31;7;141507;CIA ENERGETICA DO CEARA - COELCE;6482;83;133;1003692;2.088000;19198932;64.453000;20202624;25.949000;2024-04-30
07.119.838/0001-48;2024-12-31;1;138520;SECME - COMPANHIA SECURITIZADORA DE CRÉDITOS IMOBILIÁRIOS;0;2;0;0;0.000000;0;0.000000;0;0.000000;2022-12-07
07.206.816/0001-15;2024-12-31;2;141531;M.DIAS BRANCO S.A. IND COM DE ALIMENTOS;49581;114;531;66385773;19.583000;0;0.000000;66385773;19.583000;2024-03-28
07.237.373/0001-20;2024-12-31;8;141801;BCO NORDESTE DO BRASIL S.A.;8939;1111;7;619240;0.627000;0;0.000000;619240;0.627000;2024-08-05
07.253.321/0001-47;2024-12-31;1;138042;CARBOMIL SA MINER. E INDUSTRIA;0;1;0;154962;100.000000;66413;100.000000;221375;100.000000;2020-07-30
07.275.159/0001-68;2024-12-31;1;137398;PETROLEO LUB DO NORDESTE SA;177;365;0;496437;99.633000;1674074;95.567000;2170511;96.467000;2023-04-28
07.282.377/0001-20;2024-12-31;2;141827;ENERGISA SUL-SUDESTE - DISTRIBUIDORA DE ENERGIA S/A;20;11;0;722;0.743000;0;0.000000;722;0.743000;2024-04-25
07.334.600/0001-35;2024-12-31;1;137748;MARINA DE IRACEMA PARK SA;8;2;0;0;0.000000;0;0.000000;0;0.000000;2023-04-28
07.401.436/0001-31;2024-12-31;1;138258;ELDORADO BRASIL CELULOSE S.A.;0;2;0;1525558419;100.000000;0;0.000000;1525558419;100.000000;2012-08-20
07.415.333/0001-20;2024-12-31;2;139545;SIMPAR S.A.;50764;670;20;227030128;26.005000;0;0.000000;227030128;26.005000;2024-04-30
07.526.557/0001-00;2024-12-31;2;141587;AMBEV S.A.;286411;1842;603;4394835131;27.890000;0;0.000000;4394835131;27.890000;2024-04-30
07.594.978/0001-78;2024-12-31;3;140811;SMARTFIT ESCOLA DE GINÁSTICA E DANÇA S.A.;12100;140;821;322604918;55.029000;0;0.000000;322604918;55.029000;2024-04-25
07.628.528/0001-59;2024-06-30;5;141689;BRASILAGRO - CIA BRAS DE PROP AGRICOLAS;128059;375;220;63815593;62.148000;0;0.000000;63815593;62.148000;2023-10-24
07.636.657/0001-99;2024-12-31;2;139187;AÇO VERDE DO BRASIL S.A;4;1;0;0;0.000000;0;0.000000;0;0.000000;2024-04-10
07.659.538/0001-51;2024-12-31;1;137789;DINAMICA ENERGIA S.A.;3;1;0;334424444;100.000000;0;0.000000;334424444;100.000000;2007-04-27
07.689.002/0001-89;2024-12-31;5;142133;EMBRAER S.A.;60047;14058;690;734632001;99.212000;0;0.000000;734632001;99.212000;2024-05-17
07.704.246/0001-93;2024-12-31;1;138537;DATORA PARTICIPAÇÕES E SERVIÇOS S.A.;8;1;0;0;0.000000;0;0.000000;0;0.000000;2024-04-30
07.714.104/0001-07;2024-12-31;7;141457;GIGA MAIS FIBRA TELECOMUNICAÇÕES S.A.;5;3;1;0;0.000000;0;0.000000;0;0.000000;2023-11-01
07.802.794/0001-56;2024-12-31;4;142031;ESSENTIA PCHS S.A.;0;2;0;0;0.000000;0;0.000000;0;0.000000;2024-04-05
07.816.890/0001-53;2024-12-31;5;141974;MULTIPLAN - EMPREEND IMOBILIARIOS S.A.;27636;156;926;313823361;54.279000;0;0.000000;313823361;54.279000;2024-04-26
07.820.907/0001-46;2024-12-31;4;139445;FICA EMPREENDIMENTOS IMOBILIÁRIOS S.A.;320;6;25;2380679;98.288000;0;0.000000;2380679;98.288000;2021-12-31
07.823.262/0001-03;2024-12-31;1;138013;FOZ DO RIO CLARO ENERGIA S.A.;0;2;0;0;0.000000;0;0.000000;0;0.000000;2024-04-04
07.857.093/0001-14;2024-12-31;5;141589;AURA MINERALS INC.;28197;249;53;29337548;40.522000;0;0.000000;29337548;40.522000;2024-05-15
07.857.850/0001-50;2024-12-31;4;139390;GP INVESTMENTS, LTD.;1363;19;20;17910469;12.843000;0;0.000000;17910469;12.843000;2024-04-30
07.859.971/0001-30;2024-12-31;6;141952;TRANSMISSORA ALIANÇA DE ENERGIA ELÉTRICA S.A.;773359;259;1880;218568274;37.001000;437136468;98.725000;655704742;63.445000;2024-04-29
07.882.930/0001-65;2024-12-31;1;138111;MITRE REALTY EMPREENDIMENTOS E PARTICIPAÇÕES S.A.;42822;187;210;57185919;54.064000;0;0.000000;57185919;54.064000;2024-04-29
07.976.147/0001-60;2024-12-31;6;141890;MOVIDA LOCAÇÃO DE VEÍCULOS S.A.;0;1;0;0;0.000000;0;0.000000;0;0.000000;2023-04-28
08.065.557/0001-12;2024-12-31;8;142032;TECNISA S.A.;29908;140;20;44898718;60.930000;0;0.000000;44898718;60.930000;2024-04-30
08.070.508/0001-78;2024-03-31;5;140402;RAIZEN ENERGIA S.A.;0;3;0;0;0.000000;0;0.000000;0;0.000000;2022-07-29
08.078.847/0001-09;2024-12-31;2;139086;LPS BRASIL - CONSULTORIA DE IMOVEIS S.A.;12455;91;27;104259276;70.658000;0;0.000000;104259276;70.658000;2024-05-22
08.159.965/0001-33;2024-12-31;5;141762;IGUA SANEAMENTO S.A.;0;1;7;0;0.000000;0;0.000000;0;0.000000;2023-05-01
08.170.849/0001-15;2024-12-31;9;142021;DESKTOP S.A.;10973;120;136;35708353;30.907000;0;0.000000;35708353;30.907000;2024-04-19
08.213.823/0001-07;2024-12-31;3;139430;AURA ALMAS MINERAÇÃO S.A.;0;2;0;0;0.000000;0;0.000000;0;0.000000;2023-04-11
08.262.121/0001-13;2024-12-31;3;139558;ALUBAR METAIS E CABOS S.A.;4;1;0;0;0.000000;0;0.000000;0;0.000000;2024-04-30
08.294.224/0001-65;2024-12-31;3;140566;JHSF PARTICIPACOES S.A.;96558;299;316;292921855;43.119000;0;0.000000;292921855;43.119000;2024-04-30
08.312.229/0001-73;2024-12-31;5;141140;EZ TEC EMPREEND. E PARTICIPACOES S.A.;72475;314;341;97334950;44.045000;0;0.000000;97334950;44.045000;2024-04-26
08.322.396/0001-03;2024-03-31;4;139076;CERRADINHO BIOENERGIA S.A.;0;4;0;0;0.000000;0;0.000000;0;0.000000;2023-07-28
08.324.196/0001-81;2024-12-31;6;141947;CIA ENERGETICA DO RIO GDE NORTE - COSERN;0;1;0;0;0.000000;0;0.000000;0;0.000000;2024-09-16
08.343.492/0001-20;2024-12-31;6;141617;MRV ENGENHARIA E PARTICIPACOES S.A.;67032;1092;680;377241484;67.026000;0;0.000000;377241484;67.026000;2024-07-17
08.364.948/0001-38;2024-12-31;6;141683;ALUPAR INVESTIMENTO S/A;124474;570;273;151478409;23.461000;303363221;99.405000;454841630;47.835000;2024-04-19
08.397.078/0001-01;2024-12-31;2;139376;GSH CORP PARTICIPAÇÕES S.A.;27;2;1;0;0.000000;0;0.000000;0;0.000000;2021-11-16
08.402.943/0001-52;2024-12-31;1;138089;GUARARAPES CONFECCOES S.A.;15676;138;267;81942860;16.415000;0;0.000000;81942860;16.415000;2024-04-29
08.424.178/0001-71;2024-12-31;1;137890;TECBLU TECELAGEM BLUMENAU S.A.;3;4;0;18089;64.528000;102590;100.000000;120679;92.387000;2016-04-29
08.439.659/0001-50;2024-12-31;5;141238;CPFL ENERGIAS RENOVÁVEIS S.A.;0;2;0;0;0.000000;0;0.000000;0;0.000000;2024-04-26
08.467.115/0001-00;2024-12-31;5;141923;CIA ESTADUAL DE DISTRIB ENER ELET-CEEE-D;321;214;0;3170333;4.656000;162927;99.337000;3333260;4.884000;2024-04-28
08.534.605/0001-74;2024-12-31;1;138514;RENOVA ENERGIA S.A. - EM RECUPERAÇÃO JUDICIAL;15988;46;0;25379358;20.345000;50307403;40.329000;75686761;30.337000;2024-04-30
08.560.444/0001-93;2024-12-31;1;137654;CIA CELG DE PARTICIPACOES - CELGPAR;457;94;0;77842;0.098000;0;0.000000;77842;0.098000;2023-04-28
08.574.411/0001-00;2024-12-31;2;139904;PRÁTICA PRODUTOS S.A.;0;1;0;0;0.000000;0;0.000000;0;0.000000;2023-12-15
08.613.550/0001-98;2024-12-31;3;141354;NEXPE PARTICIPAÇÕES S.A;7521;27;2;1049329;39.514000;0;0.000000;1049329;39.514000;2024-04-30
08.764.621/0001-53;2024-12-31;2;141273;GENERAL SHOPPING E OUTLETS DO BRASIL BRASIL S.A.;1422;3;14;1428328;74.054000;0;0.000000;1428328;74.054000;2024-04-29
08.769.451/0001-08;2024-12-31;3;139459;VIRGO COMPANHIA DE SECURITIZAÇÃO;0;1;0;0;0.000000;0;0.000000;0;0.000000;2020-10-01
08.773.135/0001-00;2024-12-31;5;142093;2W ECOBANK S.A.;30;1;0;0;0.000000;0;0.000000;0;0.000000;2023-12-08
08.773.191/0001-36;2024-12-31;1;138411;BRASILIANA PARTICIPAÇÕES S/A;0;2;0;0;0.000000;0;0.000000;0;0.000000;2024-04-30
08.795.211/0001-70;2024-12-31;4;141995;MAESTRO LOCADORA DE VEICULOS S.A.;3;1;3;0;0.000000;0;0.000000;0;0.000000;2024-04-19
08.797.760/0001-83;2024-12-31;6;141449;CURY CONSTRUTORA E INCORPORADORA S.A.;19278;804;184;133117425;45.608000;0;0.000000;133117425;45.608000;2024-04-30
08.801.621/0001-86;2024-12-31;10;142152;SYN PROP & TECH S.A.;16606;152;70;59860037;39.215000;0;0.000000;59860037;39.215000;2024-04-17
08.807.432/0001-10;2024-12-31;3;141766;YDUQS PARTICIPACOES S.A.;22698;123;427;290010465;93.828000;0;0.000000;290010465;93.828000;2024-04-26
08.811.643/0001-27;2024-12-31;4;141390;TRISUL S.A.;45915;279;0;71495901;38.311000;0;0.000000;71495901;38.311000;2024-08-16
08.822.767/0001-08;2024-12-31;2;138970;CONCESSIONÁRIA DA RODOVIA MG-050 S.A.;0;1;0;0;0.000000;0;0.000000;0;0.000000;2024-05-27
08.827.501/0001-58;2024-12-31;3;139660;AEGEA SANEAMENTO E PARTICIPAÇÕES S.A.;0;4;0;207858034;29.278000;274590748;88.492000;482448782;47.287000;2024-04-18
08.845.676/0001-98;2024-12-31;1;139140;CORPÓREOS - SERVIÇOS TERAPÊUTICOS S.A.;0;1;0;0;0.000000;0;0.000000;0;0.000000;2024-06-06
08.873.873/0001-10;2024-12-31;4;140874;ECORODOVIAS CONCESSÕES E SERVIÇOS S.A.;0;1;0;0;0.000000;0;0.000000;0;0.000000;2024-04-16
08.902.291/0001-15;2024-12-31;4;141455;CSN MINERAÇÃO S.A.;174574;945;212;1110559345;20.246000;0;0.000000;1110559345;20.246000;2024-04-19
08.935.054/0001-50;2024-12-31;2;141534;MULTINER S/A;0;2;1;7877740;100.000000;6843557;100.000000;14721297;100.000000;2017-11-21
09.041.168/0001-10;2024-12-31;7;141993;LOG COMMERCIAL PROPERTIES E PARTICIPAÇÕES;12647;188;109;51027761;52.413000;0;0.000000;51027761;52.413000;2024-07-17
09.042.817/0001-05;2024-12-31;6;141829;BEMOBI MOBILE TECH S.A.;13449;115;178;81167018;94.812000;0;0.000000;81167018;94.812000;2024-04-26
09.053.134/0001-45;2024-12-31;2;141379;ELFA MEDICAMENTOS S.A.;33;1;5;102567579;19.090000;312590;0.482000;102880169;17.084000;2023-08-04
09.054.385/0001-44;2024-12-31;1;138861;INBRANDS S.A.;12;3;0;150424;0.109000;0;0.000000;150424;0.109000;2024-04-29
09.074.183/0001-64;2024-12-31;1;138781;TRANSBRASILIANA CONCESSIONÁRIA DE RODOVIA S.A;0;1;0;428071225;100.000000;0;0.000000;428071225;100.000000;2018-04-27
09.095.183/0001-40;2024-12-31;3;141826;ENERGISA PARAÍBA - DISTRIBUIDORA DE ENERGIA S/A;0;1;0;0;0.000000;0;0.000000;0;0.000000;2023-04-27
09.112.685/0001-32;2024-12-31;2;138958;OSX BRASIL S.A. - EM RECUPERAÇÃO JUDICIAL;3770;19;4;1592166;50.576000;0;0.000000;1592166;50.576000;2024-04-29
09.114.805/0001-30;2024-12-31;3;140413;OCEANPACT SERVIÇOS MARITIMOS S.A.;6210;50;149;126724185;63.375000;0;0.000000;126724185;63.375000;2024-04-25
09.116.278/0001-01;2024-12-31;1;138233;CONPEL CIA NORDESTINA PAPEL - EM RECUPERAÇÃO JUDICIAL;0;1;0;14048567;100.000000;4073532;100.000000;18122099;100.000000;2013-04-29
09.146.451/0001-06;2024-12-31;4;141532;KALLAS INCORPORAÇÕES E CONSTRUÇÕES S.A.;0;1;0;0;0.000000;0;0.000000;0;0.000000;2024-05-27
09.149.503/0001-06;2024-12-31;1;138835;SERENA GERAÇÃO S.A.;0;1;0;0;0.000000;0;0.000000;0;0.000000;2023-04-28
09.229.201/0001-30;2024-12-31;2;142001;GPS PARTICIPAÇÕES E EMPREENDIMENTOS S.A.;5207;14;735;378836983;56.136000;0;0.000000;378836983;56.136000;2024-09-23
09.257.877/0001-37;2024-12-31;2;140569;FERROVIA NORTE SUL S/A;0;1;0;0;0.000000;0;0.000000;0;0.000000;2023-12-20
09.267.996/0001-70;2024-12-31;2;139356;YUNY INCORPORADORA HOLDING S.A.;2;0;0;0;0.000000;0;0.000000;0;0.000000;2024-05-17
09.288.252/0001-32;2024-12-31;5;141714;ANIMA HOLDING S.A.;24884;245;439;257040189;63.644000;0;0.000000;257040189;63.644000;2024-04-29
09.295.063/0001-97;2024-12-31;4;141361;TECHNOS S.A.;14214;44;27;22457765;35.032000;0;0.000000;22457765;35.032000;2024-08-12
09.305.994/0001-29;2024-12-31;6;141662;AZUL S.A.;103267;361;165;306558420;33.000000;326872005;97.356000;633430425;50.085000;2024-05-15
09.313.969/0001-97;2024-12-31;2;138297;AUTOPISTA LITORAL SUL;0;1;0;4158155555;100.000000;0;0.000000;4158155555;100.000000;2024-03-26
09.324.949/0001-11;2024-12-31;1;138856;AUTOPISTA FLUMINENSE SA;0;1;0;658918293;100.000000;0;0.000000;658918293;100.000000;2014-04-16
09.325.109/0001-73;2024-12-31;1;138210;AUTOPISTA PLANALTO SUL SA;0;1;0;1721076003;100.000000;0;0.000000;1721076003;100.000000;2022-04-20
09.326.342/0001-70;2024-12-31;1;138554;AUTOPISTA FERNÃO DIAS SA;0;1;0;2962381424;100.000000;0;0.000000;2962381424;100.000000;2016-05-05
09.336.431/0001-06;2024-12-31;2;138295;AUTOPISTA REGIS BITTENCOURT SA;0;1;0;0;0.000000;0;0.000000;0;0.000000;2014-04-17
09.346.601/0001-25;2024-12-31;6;141975;B3 S.A. - BRASIL, BOLSA, BALCÃO;334213;2328;1546;5392540963;99.374000;0;0.000000;5392540963;99.374000;2024-04-25
09.347.516/0001-81;2024-12-31;3;141673;ELETROMIDIA S.A.;1475;7;78;65970012;47.127000;0;0.000000;65970012;47.127000;2023-04-26
09.359.927/0001-97;2024-12-31;4;141847;ASA BRANCA HOLDING S.A.;0;1;0;0;0.000000;0;0.000000;0;0.000000;2024-06-30
09.391.823/0001-60;2024-12-31;2;139506;SANTO ANTONIO ENERGIA S.A.;0;1;0;0;0.000000;0;0.000000;0;0.000000;2024-04-15
09.414.761/0001-64;2024-12-31;3;141468;K-INFRA RODOVIA DO AÇO S.A.;0;1;0;0;0.000000;0;0.000000;0;0.000000;2018-11-23
09.478.309/0001-66;2024-12-31;1;138416;BRASIL BIOFUELS S.A.;3;3;0;597522;9.867000;0;0.000000;597522;9.867000;2020-10-23
09.527.023/0001-23;2024-12-31;2;139424;ENVIRONMENTAL ESG PARTICIPAÇÕES S.A.;0;1;0;0;0.000000;0;0.000000;0;0.000000;2024-04-30
09.538.973/0001-53;2024-12-31;3;141901;PDG COMPANHIA SECURITIZADORA;0;2;0;0;0.000000;0;0.000000;0;0.000000;2024-04-26
09.584.854/0001-37;2024-12-31;1;138370;MANAUS TRANSMISSORA DE ENERGIA S.A;0;1;0;1255333123;100.000000;0;0.000000;1255333123;100.000000;2024-04-15
09.611.768/0001-76;2024-12-31;4;139312;INC EMPREENDIMENTOS IMOBILIÁRIOS S.A.;2;0;0;0;0.000000;0;0.000000;0;0.000000;2023-04-28
09.625.321/0001-56;2024-12-31;1;138379;NORTE BRASIL TRANSMISSORA DE ENERGIA S.A.;0;5;0;0;0.000000;0;0.000000;0;0.000000;2024-04-15
09.813.204/0001-16;2024-12-31;1;138763;W2W E-COMMERCE DE VINHOS S.A.;5;4;0;0;0.000000;0;0.000000;0;0.000000;2024-02-23
10.139.870/0001-08;2024-12-31;6;141742;NEOGRID PARTICIPAÇÕES S.A.;40604;195;0;103775263;45.411000;0;0.000000;103775263;45.411000;2024-09-11
10.215.988/0001-60;2024-12-31;1;138762;COMPANHIA DE LOCAÇÃO DAS AMÉRICAS;0;1;0;0;0.000000;0;0.000000;0;0.000000;2024-04-10
10.234.027/0001-00;2024-12-31;1;138218;LINHAS DE MACAPÁ TRANSMISSORA DE ENERGIA S/A;0;2;0;0;0.000000;0;0.000000;0;0.000000;2024-04-26
10.240.186/0001-00;2024-12-31;1;138207;LINHAS DE XINGU TRANSMISSORA DE ENERGIA S/A;0;1;1;0;0.000000;0;0.000000;0;0.000000;2023-04-26
10.285.590/0001-08;2024-12-31;1;138827;GRUPO DE MODA SOMA S.A.;39515;325;800;500410718;63.767000;0;0.000000;500410718;63.767000;2024-04-30
10.319.900/0001-50;2024-12-31;2;142162;CICLUS AMBIENTAL RIO S/A;0;1;0;0;0.000000;0;0.000000;0;0.000000;2024-04-29
10.324.624/0001-18;2024-12-31;2;138909;CONCESSÃO METROVIÁRIA DO RIO DE JANEIRO S.A.;0;1;0;0;0.000000;0;0.000000;0;0.000000;2024-04-25
10.338.320/0001-00;2024-12-31;1;137716;AFLUENTE TRANSMISSÃO DE ENERGIA ELÉTRICA S/A;3177;208;54;835965;1.325000;0;0.000000;835965;1.325000;2024-04-10
10.452.416/0001-02;2024-12-31;1;138354;REAG INVESTIMENTOS S.A.;2;3;0;696801900;94.566000;0;0.000000;696801900;94.566000;2023-11-30
10.488.244/0001-19;2024-12-31;1;138293;INFRASEC SECURITIZADORA S.A.;0;2;0;10000;100.000000;0;0.000000;10000;100.000000;2013-12-27
10.502.676/0001-37;2024-12-31;3;141444;TERMELÉTRICA PERNAMBUCO III S.A.;0;1;0;0;0.000000;0;0.000000;0;0.000000;2014-07-14
10.531.501/0001-58;2024-12-31;3;142033;CONC AUTO RAPOSO TAVARES S.A.;0;1;0;6301299487;100.000000;6301299488;100.000000;12602598975;100.000000;2021-02-15
10.571.175/0001-02;2024-12-31;3;140587;URBA DESENVOLVIMENTO URBANO S.A.;7;2;0;0;0.000000;0;0.000000;0;0.000000;2023-04-28
10.629.105/0001-68;2024-12-31;2;139065;PRIO S.A.;156534;992;2846;798909771;89.558000;0;0.000000;798909771;89.558000;2024-04-19
10.635.691/0001-53;2024-12-31;2;138986;VIARONDON CONCESSIONÁRIA DE RODOVIA S.A.;0;1;0;249500000;100.000000;249500000;100.000000;499000000;100.000000;2020-09-01
10.647.979/0001-48;2024-12-31;1;138846;CONC ROTA DAS BANDEIRAS S.A.;0;2;0;0;0.000000;0;0.000000;0;0.000000;2021-05-11
10.670.314/0001-55;2024-12-31;1;138183;VIABAHIA CONCESSIONÁRIA DE RODOVIAS SA;0;2;0;0;0.000000;0;0.000000;0;0.000000;2022-09-26
10.678.505/0001-63;2024-12-31;2;141730;CONC RODOVIAS DO TIETÊ S.A.- EM RECUPERAÇÃO JUDICIAL;0;2;0;0;0.000000;0;0.000000;0;0.000000;2024-05-17
10.739.356/0001-03;2024-12-31;3;141965;BR ADVISORY PARTNERS PARTICIPAÇÕES S.A.;35863;373;74;47238057;23.555000;94476114;82.554000;141714171;44.990000;2024-03-19
10.760.260/0001-19;2024-12-31;8;141733;CVC BRASIL OPERADORA E AGÊNCIA DE VIAGENS S.A.;148187;459;416;525591097;100.000000;0;0.000000;525591097;100.000000;2024-05-13
10.807.374/0001-77;2024-12-31;6;141920;BOA SAFRA SEMENTES S.A.;35536;143;208;46233405;34.165000;0;0.000000;46233405;34.165000;2024-04-22
10.835.932/0001-08;2024-12-31;1;137848;CIA ENERGETICA DE PERNAMBUCO - CELPE;0;1;0;0;0.000000;0;0.000000;0;0.000000;2024-04-16
10.841.050/0001-55;2024-12-31;2;138068;CONC ROD AYRTON SENNA E CARV PINTO S.A.-ECOPISTAS;0;1;0;0;0.000000;0;0.000000;0;0.000000;2024-04-16
11.274.829/0001-07;2024-12-31;3;138180;COMPANHIA PAULISTA DE SECURITIZAÇÃO;0;2;0;0;0.000000;0;0.000000;0;0.000000;2024-04-30
11.284.204/0001-18;2024-12-31;1;138527;YOU INC INCORPORADORA E PARTICIPAÇÃO S.A;3;0;2;0;0.000000;0;0.000000;0;0.000000;2024-04-29
11.421.994/0001-36;2024-12-31;6;141758;ORIZON VALORIZAÇÃO DE RESÍDUOS S.A.;5469;120;258;46468096;56.019000;0;0.000000;46468096;56.019000;2024-04-26
11.669.021/0001-10;2024-12-31;4;142083;ENAUTA PARTICIPAÇÕES S.A.;0;1;0;0;0.000000;0;0.000000;0;0.000000;2024-07-31
11.721.921/0001-60;2024-12-31;4;141141;ALPER CONSULTORIA E CORRETORA DE SEGUROS S.A.;1336;18;0;407153;1.997000;0;0.000000;407153;1.997000;2024-04-26
11.992.680/0001-93;2024-12-31;4;142044;QUALICORP CONSULTORIA E CORRETORA DE SEGUROS S.A.;53433;376;0;278971994;98.225000;0;0.000000;278971994;98.225000;2024-10-03
12.049.631/0001-84;2024-12-31;4;139918;MOURA DUBEUX ENGENHARIA S/A;8580;270;216;53382259;62.870000;0;0.000000;53382259;62.870000;2024-04-25
12.091.809/0001-55;2024-12-31;7;141817;3R PETROLEUM ÓLEO E GÁS S.A.;90847;821;1051;460819333;99.276000;0;0.000000;460819333;99.276000;2024-07-31
12.104.241/0004-02;2024-12-31;11;141882;ONCOCLÍNICAS DO BRASIL SERVIÇOS MÉDICOS S.A.;6908;44;422;573177887;87.944000;0;0.000000;573177887;87.944000;2024-07-10
12.108.897/0001-50;2024-12-31;4;140378;D1000 VAREJO FARMA PARTICIPAÇÕES S.A.;10608;102;13;16408905;32.427000;0;0.000000;16408905;32.427000;2024-04-24
12.181.987/0001-77;2024-12-31;6;141712;MELNICK DESENVOLVIMENTO IMOBILIÁRIO S.A.;12522;96;76;152163488;73.769000;0;0.000000;152163488;73.769000;2023-04-28
12.300.288/0001-07;2024-12-31;5;141513;NORTE ENERGIA S.A.;0;7;2;0;0.000000;0;0.000000;0;0.000000;2023-01-18
12.420.164/0001-57;2024-12-31;6;141967;CM HOSPITALAR S.A;4053;23;190;178293177;55.230000;0;0.000000;178293177;55.230000;2024-04-30
12.489.315/0001-23;2024-12-31;1;138012;FERREIRA GOMES ENERGIA S.A.;0;2;0;0;0.000000;0;0.000000;0;0.000000;2024-04-04
12.528.708/0001-07;2024-12-31;3;141667;AERIS IND. E COM. DE EQUIP. PARA GER. DE ENG. S.A.;67840;224;66;35461088;57.085000;0;0.000000;35461088;57.085000;2024-05-14
12.592.831/0001-89;2024-12-31;2;139813;MNLT S.A.;0;1;0;0;0.000000;0;0.000000;0;0.000000;2024-04-29
12.648.266/0001-24;2024-12-31;6;142019;AMBIPAR PARTICIPAÇÕES E EMPREENDIMENTOS S.A.;41698;186;319;36711880;21.978000;0;0.000000;36711880;21.978000;2024-04-30
12.648.327/0001-53;2024-12-31;9;142156;HIDROVIAS DO BRASIL S.A.;14123;176;222;759856429;99.931000;0;0.000000;759856429;99.931000;2023-05-09
12.919.786/0001-24;2024-12-31;1;138864;TCP TERMINAL DE CONTEINERES DE PARANAGUA SA;0;1;0;0;0.000000;0;0.000000;0;0.000000;2024-04-28
13.009.717/0001-46;2024-12-31;5;142035;BCO ESTADO DE SERGIPE S.A. - BANESE;4065;344;11;486398;5.242000;1097761;11.830000;1584159;8.536000;2024-04-16
13.017.462/0001-63;2024-12-31;1;138214;ENERGISA SERGIPE - DISTRIBUIDORA DE ENERGIA S/A;0;1;0;0;0.000000;0;0.000000;0;0.000000;2023-04-27
13.217.485/0001-11;2024-12-31;3;141452;GRUPO SBF S.A.;29441;101;516;146890376;60.251000;0;0.000000;146890376;60.251000;2024-05-24
13.270.520/0001-66;2024-12-31;3;141688;KORA SAÚDE PARTICIPAÇÕES S.A.;3489;9;72;156052982;20.179000;0;0.000000;156052982;20.179000;2024-04-30
13.444.994/0001-87;2024-12-31;2;139037;MLOG S.A.;51;9;42;2306238;100.000000;0;0.000000;2306238;100.000000;2024-06-06
13.522.948/0001-59;2024-12-31;2;139860;SAFIRA HOLDING S.A.;2;0;0;0;0.000000;0;0.000000;0;0.000000;2024-04-30
13.574.594/0001-96;2024-12-31;7;142143;ZAMP SA;16262;73;171;93830591;34.076000;0;0.000000;93830591;34.076000;2024-07-26
13.783.221/0004-78;2024-12-31;2;139757;MADERO INDÚSTRIA E COMÉRCIO S.A.;6;0;1;0;0.000000;0;0.000000;0;0.000000;2023-04-28
14.110.585/0001-07;2024-12-31;5;141806;MÉLIUZ S.A.;67146;277;162;65454466;75.089000;0;0.000000;65454466;75.089000;2023-09-11
14.127.813/0001-51;2024-12-31;4;142094;GETNINJAS S.A.;3382;62;62;15193217;29.875000;0;0.000000;15193217;29.875000;2023-04-28
14.191.427/0001-29;2024-12-31;1;137779;GRANBIO INVESTIMENTOS S.A.;0;2;0;15094340;13.959000;0;0.000000;15094340;13.959000;2020-03-17
14.292.540/0001-09;2024-12-31;2;139364;BRAZIL TOWER, CESSÃO DE INFRA-ESTRUTURAS S.A;0;1;0;0;0.000000;0;0.000000;0;0.000000;2024-06-11
14.388.334/0001-99;2024-12-31;8;142132;PARANA BCO S.A.;21;0;0;0;0.000000;0;0.000000;0;0.000000;2023-12-28
14.776.142/0001-50;2024-12-31;1;138697;WESTWING COMÉRCIO VAREJISTA S.A.;5826;33;49;110539162;99.663000;0;0.000000;110539162;99.663000;2024-04-26
14.785.152/0001-51;2024-12-31;3;142095;HBR REALTY EMPREENDIMENTOS IMOBILIÁRIOS S.A.;3351;146;93;48640017;47.137000;0;0.000000;48640017;47.137000;2024-04-24
14.796.754/0001-04;2024-12-31;3;140776;ENGELHART CTP (BRASIL) S.A.;0;1;0;0;0.000000;0;0.000000;0;0.000000;2024-06-25
14.807.945/0001-24;2024-12-31;1;138712;SANSUY S.A. INDUSTRIA DE PLASTICOS;1565;61;0;568050;21.372000;2851554;56.372000;3419604;44.316000;2024-03-22
14.882.295/0001-81;2024-12-31;2;142130;CBO HOLDING S.A.;0;5;0;33934772;24.480000;0;0.000000;33934772;24.480000;2024-04-19
14.998.371/0001-19;2024-12-31;2;139436;J. MACEDO S.A.;32;5;0;10690;100.000000;8714;100.000000;19404;100.000000;2024-06-24
15.073.274/0001-88;2024-12-31;1;138753;PPLA PARTICIPATIONS LTD.;72563;1990;956;0;0.000000;2814666;100.000000;2814666;100.000000;2024-05-31
15.090.690/0001-94;2024-12-31;1;138057;CONCESSIONARIA ECOVIAS DO ARAGUAIA S.A.;0;1;0;0;0.000000;0;0.000000;0;0.000000;2024-04-16
15.114.494/0001-02;2024-12-31;1;138323;CORREDOR LOGÍSTICA E INFRAESTRUTURA S.A.;0;0;3;0;0.000000;0;0.000000;0;0.000000;2023-07-18
15.115.504/0001-24;2024-12-31;1;138505;TRONOX PIGMENTOS DO BRASIL S.A.;4927;168;97;99275;0.977000;8128433;43.098000;8227708;28.353000;2024-04-26
15.139.629/0001-94;2024-12-31;2;138988;CIA ELETRICIDADE EST. DA BAHIA - COELBA;3188;273;11;2356751;1.551000;283372;0.257000;2640123;1.007000;2024-04-15
15.141.799/0001-03;2024-12-31;1;138639;CIA FERRO LIGAS DA BAHIA - FERBASA;40532;120;341;1252824;1.064000;160566738;68.175000;161819562;45.805000;2024-04-30
15.385.166/0001-40;2024-12-31;1;139516;EQUIPAV SANEAMENTO S.A.;0;1;0;0;0.000000;0;0.000000;0;0.000000;2024-04-30
15.413.826/0001-50;2024-12-31;2;141886;ENERGISA MATO GROSSO DO SUL - DIST DE ENERGIA S.A.;1;2;0;421;0.065000;0;0.000000;421;0.065000;2024-04-25
15.440.708/0001-30;2024-12-31;1;138270;CONCESSIONÁRIA VIARIO S.A.;0;2;0;0;0.000000;0;0.000000;0;0.000000;2024-04-16
15.484.093/0001-44;2024-12-31;5;141636;ECO101 CONCESSIONÁRIA DE RODOVIAS S.A.;0;1;0;0;0.000000;0;0.000000;0;0.000000;2024-09-02
15.494.541/0001-90;2024-12-31;2;141620;SALUS INFRAESTRUTURA PORTUARIA SA;0;2;0;4200;1.000000;0;0.000000;4200;1.000000;2022-03-30
15.578.569/0001-06;2024-12-31;4;142153;CONC DO AEROPORTO INTERNACIONAL DE GUARULHOS S.A.;0;2;0;3033541675;100.000000;0;0.000000;3033541675;100.000000;2017-12-07
15.688.041/0001-90;2024-12-31;1;138490;MBK SECURITIZADORA SA;1;1;0;13354;100.000000;0;0.000000;13354;100.000000;2016-04-30
16.233.389/0001-55;2024-12-31;4;141891;CVLB BRASIL S.A;11;4;0;0;0.000000;0;0.000000;0;0.000000;2024-03-28
16.234.171/0001-15;2024-12-31;5;142091;METANOR SA METANOL DO NE;118;135;6;97768099;100.000000;196571002;100.000000;294339101;100.000000;2024-04-30
16.404.287/0001-55;2024-12-31;3;141333;SUZANO S.A.;85528;1040;1714;630821784;49.902000;0;0.000000;630821784;49.902000;2024-08-09
16.590.234/0001-76;2024-12-31;15;142145;AZZAS 2154 S.A.;39235;226;407;136637712;66.207000;0;0.000000;136637712;66.207000;2024-07-31
16.614.075/0001-00;2024-12-31;2;139564;DIRECIONAL ENGENHARIA S.A.;21507;240;697;109826474;63.301000;0;0.000000;109826474;63.301000;2024-05-16
16.670.085/0001-55;2024-12-31;6;141976;LOCALIZA RENT A CAR S.A.;45617;1491;361;965986531;89.227000;0;0.000000;965986531;89.227000;2024-09-19
16.676.520/0001-59;2024-12-31;5;142146;HOSPITAL MATER DEI S.A.;4421;38;207;78596925;21.975000;0;0.000000;78596925;21.975000;2024-04-30
16.811.931/0001-00;2024-12-31;6;139891;ALPHAVILLE S.A.;776;12;39;41730179;21.364000;0;0.000000;41730179;21.364000;2024-05-14
16.838.421/0001-26;2024-12-31;2;139536;XP INVESTIMENTOS S.A.;0;1;0;5040212575;100.000000;0;0.000000;5040212575;100.000000;2023-11-02
16.922.038/0001-51;2024-12-31;4;139861;ENJOEI S.A.;23094;167;167;133193864;64.967000;0;0.000000;133193864;64.967000;2024-07-15
17.155.730/0001-64;2024-12-31;3;141300;CIA ENERGETICA DE MINAS GERAIS - CEMIG;389824;4440;2541;469002659;49.028000;1858636840;97.557000;2327639499;81.335000;2024-04-29
17.159.229/0001-76;2024-12-31;1;137952;LABORATÓRIO TEUTO BRASILEIRO S.A.;6;0;0;0;0.000000;0;0.000000;0;0.000000;2023-04-30
17.161.241/0001-15;2024-12-31;3;141526;MINASMAQUINAS S.A.;983;173;0;1603;7.361000;3879;18.936000;5482;12.972000;2024-04-19
17.162.082/0001-73;2024-12-31;1;138104;MENDES JUNIOR ENGENHARIA S.A.;3531;41;21;17673;0.253000;313613;9.410000;331286;3.213000;2023-04-28
17.167.396/0001-69;2024-12-31;4;142108;ALFA HOLDINGS S.A.;11655;1819;10;2739166;5.953000;13813701;35.721000;16552867;19.547000;2024-03-28
17.184.037/0001-10;2024-12-31;6;141592;BCO MERCANTIL DO BRASIL S.A.;6131;1040;27;21690781;33.390000;26869066;69.269000;48559847;46.804000;2024-04-24
17.234.244/0001-31;2024-12-31;1;138588;FTL - FERROVIA TRANSNORDESTINA LOGÍSTICA S.A.;0;3;0;550871212;100.000000;0;0.000000;550871212;100.000000;2023-03-30
17.245.234/0001-00;2024-12-31;4;141308;CIA FIACAO TECIDOS CEDRO CACHOEIRA;2911;37;4;2221800;38.930000;3909328;91.065000;6131128;61.311000;2024-04-30
17.281.106/0001-03;2024-12-31;7;142097;CIA SANEAMENTO DE MINAS GERAIS-COPASA MG;158806;1426;321;188462398;49.562000;0;0.000000;188462398;49.562000;2024-04-26
17.314.329/0001-20;2024-12-31;5;141310;INTERNATIONAL MEAL COMPANY ALIMENTACAO S.A.;32448;115;96;281156430;98.180000;0;0.000000;281156430;98.180000;2024-04-26
17.344.597/0001-94;2024-12-31;5;142047;BB SEGURIDADE PARTICIPAÇÕES S.A.;528094;3287;1360;637332335;31.867000;0;0.000000;637332335;31.867000;2024-04-30
17.359.233/0001-88;2024-12-31;1;137822;TECIDOS E ARMARINHOS MIGUEL BARTOLOMEU S.A.;45;0;0;383000000;100.000000;0;0.000000;383000000;100.000000;2023-03-02
18.174.270/0001-84;2024-12-31;4;140341;DOTZ S.A.;2733;37;1;3997693;30.094000;0;0.000000;3997693;30.094000;2024-05-24
18.328.118/0001-09;2024-12-31;4;141803;PET CENTER COMÉRCIO E PARTICIPAÇÕES S.A.;96010;390;437;294689428;63.713000;0;0.000000;294689428;63.713000;2024-04-30
18.483.666/0001-03;2024-12-31;2;139849;HUMBERG AGRIBRASIL COMÉRCIO E EXPORTAÇÃO DE GRÃOS S.A.;7;0;0;0;0.000000;0;0.000000;0;0.000000;2023-08-15
18.494.485/0001-82;2024-12-31;3;141784;PORTO SUDESTE V.M. S.A.;0;1;0;0;0.000000;0;0.000000;0;0.000000;2024-04-30
18.572.225/0001-88;2024-12-31;1;138579;CONCEBRA - CONCESSIONARIA DAS RODOVIAS CENTRAIS DO BRASIL;0;1;0;380000000;100.000000;0;0.000000;380000000;100.000000;2018-09-27
18.593.815/0001-97;2024-12-31;6;141938;PRINER SERVIÇOS INDUSTRIAIS S.A.;13683;189;85;45914545;98.274000;0;0.000000;45914545;98.274000;2024-04-29
18.903.785/0001-78;2024-12-31;2;138959;HOLDING DO ARAGUAIA S.A.;0;2;0;0;0.000000;0;0.000000;0;0.000000;2024-04-16
19.014.221/0001-47;2024-12-31;1;138393;CHINA THREE GORGES BRASIL ENERGIA S.A.;0;2;0;0;0.000000;0;0.000000;0;0.000000;2024-04-30
19.208.022/0001-70;2024-12-31;1;138053;ECO050 CONCESSIONÁRIA DE RODOVIAS S.A.;0;1;0;0;0.000000;0;0.000000;0;0.000000;2023-11-06
19.403.252/0001-90;2024-12-31;4;142135;EMCCAMP RESIDENCIAL S.A.;7;0;0;0;0.000000;0;0.000000;0;0.000000;2021-07-31
19.521.322/0001-04;2024-12-31;2;141016;CONCESSIONÁRIA ROTA DO OESTE S.A.;0;1;0;0;0.000000;0;0.000000;0;0.000000;2024-08-08
19.526.748/0001-50;2024-12-31;1;138597;CIA INDUSTRIAL CATAGUASES;136;6;0;25422;17.611000;121;10.901000;25543;17.559000;2022-04-18
19.527.586/0001-75;2024-12-31;2;141900;COMPANHIA ENERGÉTICA SINOP S/A;0;3;0;0;0.000000;0;0.000000;0;0.000000;2024-04-30
19.527.639/0001-58;2024-12-31;2;141885;ENERGISA MINAS RIO - DISTRIBUIDORA DE ENERGIA S/A;0;1;0;0;0.000000;0;0.000000;0;0.000000;2024-04-25
19.642.306/0001-70;2024-12-31;2;139732;CONCESSIONÁRIA DE RODOVIA SUL-MATOGROSSENSE S.A.;0;1;0;0;0.000000;0;0.000000;0;0.000000;2024-04-15
19.726.048/0001-00;2024-12-31;1;137904;CONCESSIONÁRIA BR-040 S.A.;0;1;0;0;0.000000;0;0.000000;0;0.000000;2024-04-30
19.796.586/0001-70;2024-12-31;4;141567;BRISANET PARTICIPAÇÕES S.A.;11347;60;154;89990068;20.038000;0;0.000000;89990068;20.038000;2024-04-25
20.247.322/0001-47;2024-12-31;4;140565;ALLIED TECNOLOGIA S.A.;7220;133;36;27184640;28.971000;0;0.000000;27184640;28.971000;2024-04-30
20.258.278/0001-70;2024-12-31;2;139805;OUROFINO S.A.;4087;71;27;23165733;42.940000;0;0.000000;23165733;42.940000;2024-04-29
20.512.706/0001-40;2024-12-31;10;142123;VITRU BRASIL EMPREENDIMENTOS, PARTICIPAÇÕES E COMÉRCIO S.A.;0;1;0;128744268;95.954000;0;0.000000;128744268;95.954000;2024-04-19
20.514.555/0001-69;2024-12-31;3;142060;ARGO VI TRANSMISSÃO DE ENERGIA S.A.;0;2;0;0;0.000000;0;0.000000;0;0.000000;2022-11-07
20.514.590/0001-88;2024-12-31;3;142059;ARGO V TRANSMISSÃO DE ENERGIA S.A.;0;2;0;0;0.000000;0;0.000000;0;0.000000;2022-11-07
21.110.778/0001-23;2024-12-31;1;138521;OLIVEIRA TRUST S.A.;13;1;0;3524496;2.046000;7048992;4.174000;10573488;3.099000;2023-10-30
21.240.146/0001-84;2024-12-31;8;142053;AGROGALAXY PARTICIPAÇÕES S.A. - EM RECUPERAÇÃO JUDICIAL;6818;0;72;81296335;31.938000;0;0.000000;81296335;31.938000;2024-07-02
21.254.073/0001-80;2024-12-31;2;141367;COMPANHIA ITAUNENSE ENERGIA E PARTICIPAÇÕES;400;5;0;4117938;54.256000;0;0.000000;4117938;54.256000;2023-01-23
21.314.559/0001-66;2024-12-31;8;141731;MOVIDA PARTICIPACOES SA;70814;764;919;121834637;33.628000;0;0.000000;121834637;33.628000;2024-04-29
21.389.501/0001-81;2024-12-31;3;141710;COMPASS GÁS E ENERGIA S.A.;1;1;20;0;0.000000;85702405;100.000000;85702405;12.000000;2024-04-26
21.414.457/0001-12;2024-12-31;1;138199;LEADS CIA. SECURITIZADORA;0;1;0;0;0.000000;0;0.000000;0;0.000000;2021-10-20
21.728.083/0001-00;2024-12-31;4;142061;ARGO VII TRANSMISSÃO DE ENERGIA S.A.;0;2;0;0;0.000000;0;0.000000;0;0.000000;2022-04-28
21.948.105/0001-47;2024-12-31;1;138601;BTGI QUARTZO PARTICIPAÇÕES S/A;0;1;1;0;0.000000;0;0.000000;0;0.000000;2018-06-01
21.976.510/0001-79;2024-12-31;1;138662;BTGI SAFIRA PARTICIPAÇÕES S/A;0;1;1;0;0.000000;0;0.000000;0;0.000000;2018-06-01
22.163.297/0001-49;2024-12-31;1;138051;CONCESSIONÁRIA PONTE RIO-NITERÓI S.A. - ECOPONTE;0;1;0;0;0.000000;0;0.000000;0;0.000000;2024-04-16
22.261.473/0001-85;2024-12-31;5;141411;COMPANHIA DE GÁS DE MINAS GERAIS - GASMIG;0;2;0;1319959;0.860000;0;0.000000;1319959;0.430000;2023-12-26
22.266.175/0001-88;2024-12-31;3;141917;FERTILIZANTES HERINGER S.A.;8603;32;10;5397996;10.023000;0;0.000000;5397996;10.023000;2024-04-29
22.543.331/0001-00;2024-12-31;3;142144;CAIXA SEGURIDADE PARTICIPAÇÕES S.A.;282438;1114;751;517500000;17.250000;0;0.000000;517500000;17.250000;2024-04-25
23.041.875/0001-37;2024-12-31;3;142005;ALMACENES ÉXITO S.A.;58;5;4;170746718;12.698000;0;0.000000;170746718;12.698000;2024-02-21
23.096.269/0001-19;2024-12-31;1;138394;RIO PARANA ENERGIA S.A.;0;2;0;2338108737;33.333000;0;0.000000;2338108737;33.333000;2024-04-30
23.236.821/0001-27;2024-12-31;2;141498;PATRIMAR ENGENHARIA S.A.;4;1;0;0;0.000000;0;0.000000;0;0.000000;2023-04-28
23.373.000/0001-32;2024-12-31;6;141467;VAMOS LOCAÇÃO DE CAMINHÕES, MÁQUINAS E EQUIPAMENTOS S.A.;46722;344;784;485166826;43.933000;0;0.000000;485166826;43.933000;2024-04-25
23.438.929/0001-00;2024-12-31;4;139522;TRIPLE PLAY BRASIL PARTICIPAÇÕES S.A.;11;0;1;0;0.000000;0;0.000000;0;0.000000;2024-04-30
24.230.275/0001-80;2024-12-31;4;141595;PLANO & PLANO DESENVOLVIMENTO IMOBILIÁRIO S.A.;10364;78;228;54539741;26.748000;0;0.000000;54539741;26.748000;2024-09-04
24.396.489/0001-20;2024-12-31;4;141480;BRK AMBIENTAL PARTICIPAÇÕES S.A.;0;0;2;0;0.000000;0;0.000000;0;0.000000;2024-04-22
24.624.490/0001-65;2024-12-31;3;142055;ARGO TRANSMISSÃO DE ENERGIA S/A;0;1;0;500000000;100.000000;0;0.000000;500000000;100.000000;2018-03-01
24.921.465/0001-43;2024-12-31;2;138339;BLUEFIT ACADEMIAS DE GINÁSTICA E PARTICIPAÇÕES S.A.;1;2;4;134775745;100.000000;0;0.000000;134775745;100.000000;2023-10-31
24.962.466/0001-36;2024-12-31;2;139365;RUMO MALHA NORTE S.A.;0;0;5;705365;0.064000;5008442;6.129000;5713807;0.480000;2023-04-26
24.990.777/0001-09;2024-12-31;3;141096;GRUPO MATEUS S.A.;42911;275;282;462506420;20.934000;0;0.000000;462506420;20.934000;2024-04-20
25.249.439/0001-83;2024-12-31;1;138605;HOSPITAL CARE CALEDONIA S.A.;327;19;3;0;0.000000;0;0.000000;0;0.000000;2023-09-20
25.369.840/0001-57;2024-12-31;4;141606;COMERC ENERGIA S.A.;78;6;0;0;0.000000;0;0.000000;0;0.000000;2023-04-16
26.072.786/0001-46;2024-12-31;2;141423;QESTRA TECNOLOGIA ADMINISTRAÇÃO E PARTICIPAÇÕES S.A.;55;14;1;304187000;100.000000;0;0.000000;304187000;100.000000;2024-08-19
26.345.998/0001-50;2024-12-31;4;141706;TC S.A.;5836;65;28;10275948;25.676000;0;0.000000;10275948;25.676000;2024-09-11
26.462.693/0001-28;2024-12-31;1;138281;LAVVI EMPREENDIMENTOS IMOBILIÁRIOS S.A.;28153;213;256;73950129;37.061000;0;0.000000;73950129;37.061000;2024-04-22
26.609.050/0001-64;2024-12-31;1;137852;TRAVESSIA SECURITIZADORA S.A.;1;1;0;0;0.000000;0;0.000000;0;0.000000;2019-04-29
26.659.061/0001-59;2024-12-31;6;142157;MPM CORPÓREOS S.A.;17646;0;180;188539338;52.166000;0;0.000000;188539338;52.166000;2024-04-30
26.664.057/0001-89;2024-12-31;1;138743;ENTREVIAS CONCESSIONÁRIA DE RODOVIAS S.A.;0;1;0;580628065;100.000000;0;0.000000;580628065;100.000000;2018-03-08
26.845.702/0001-60;2024-12-31;4;141925;EQUATORIAL TRANSMISSORA 7 SPE S.A.;0;1;0;0;0.000000;0;0.000000;0;0.000000;2024-04-26
26.982.634/0001-80;2024-12-31;1;139080;TURBI COMPARTILHAMENTO DE VEÍCULOS S.A.;16;6;1;2823;22.541000;2845;44.122000;5668;29.876000;2022-12-29
27.093.558/0001-15;2024-12-31;7;142012;MILLS LOCAÇÃO, SERVIÇOS E LOGÍSTICA S.A.;14980;338;57;174939567;73.146000;0;0.000000;174939567;73.146000;2024-09-25
27.137.879/0001-74;2024-12-31;5;139620;CIA SEC DE CRÉDITOS FINANCEIROS CARTÕES CONSIGNADOS I;2;1;0;0;0.000000;0;0.000000;0;0.000000;2017-02-03
27.157.474/0001-06;2024-12-31;3;141599;ÁGUAS DE TERESINA SANEAMENTO SPE S.A.;0;1;0;0;0.000000;0;0.000000;0;0.000000;2024-04-19
27.743.642/0001-37;2024-12-31;3;141818;CONSTRUTORA METROCASA S.A.;0;2;0;0;0.000000;0;0.000000;0;0.000000;2020-05-25
27.967.244/0001-02;2024-12-31;4;141926;EQUATORIAL TRANSMISSORA 8 SPE S.A.;0;1;0;0;0.000000;0;0.000000;0;0.000000;2024-04-25
28.019.100/0001-89;2024-12-31;2;139439;VIAPAULISTA S.A.;0;1;0;0;0.000000;0;0.000000;0;0.000000;2019-05-17
28.127.603/0001-78;2024-12-31;4;140465;BANESTES S.A. - BCO EST ESPIRITO SANTO;45531;64;13;11997071;5.193000;2514360;2.961000;14511431;4.593000;2024-04-26
28.152.650/0001-71;2024-12-31;2;140673;EDP ESPIRITO SANTO DISTRIBUIÇÃO DE ENERGIA S.A.;0;1;0;0;0.000000;0;0.000000;0;0.000000;2024-04-30
28.195.667/0001-06;2024-12-31;6;141948;BCO ABC BRASIL S.A.;58724;579;289;0;0.000000;74059905;60.857000;74059905;30.271000;2024-04-26
28.201.130/0001-01;2024-12-31;1;138221;ENERGISA TRANSMISSÃO DE ENERGIA S/A;0;2;0;0;0.000000;0;0.000000;0;0.000000;2024-04-27
28.594.234/0001-23;2024-12-31;7;141751;AUREN ENERGIA S.A.;172809;1221;531;291727616;29.173000;0;0.000000;291727616;29.173000;2024-04-30
28.925.264/0001-75;2024-12-31;2;142075;COMPANHIA ENERGÉTICA JAGUARA;0;2;0;0;0.000000;0;0.000000;0;0.000000;2024-04-30
28.942.127/0001-49;2024-12-31;1;138031;COMPANHIA ENERGÉTICA MIRANDA;0;2;0;0;0.000000;0;0.000000;0;0.000000;2024-04-30
29.780.061/0001-09;2024-12-31;2;141540;SAO CARLOS EMPREEND E PARTICIPACOES S.A.;3541;203;203;24510971;42.453000;0;0.000000;24510971;42.453000;2024-04-26
29.884.545/0001-90;2024-12-31;3;139870;ECORIOMINAS CONCESSIONÁRIA DE RODOVIAS S.A.;0;1;0;0;0.000000;0;0.000000;0;0.000000;2024-04-16
29.950.060/0001-57;2024-12-31;2;139810;NORTEC QUÍMICA S.A.;3;1;1;11758622;100.000000;118773;100.000000;11877395;100.000000;2024-04-30
29.980.141/0001-08;2024-12-31;2;139425;OCEÂNICA ENGENHARIA E CONSULTORIA S.A.;1;1;0;0;0.000000;0;0.000000;0;0.000000;2024-04-25
30.213.493/0001-09;2024-12-31;3;142154;TEGRA INCORPORADORA S.A.;0;1;1;0;0.000000;0;0.000000;0;0.000000;2024-03-18
30.306.294/0001-45;2024-12-31;4;141596;BCO BTG PACTUAL S.A.;78204;2024;985;859097730;11.859000;2152429294;50.503000;3011527024;26.173000;2024-04-30
30.540.991/0001-66;2024-12-31;1;136172;HAGA S.A. INDUSTRIA E COMERCIO;5310;35;0;1081937;27.276000;7931997;99.983000;9013934;75.747000;2023-04-28
31.001.230/0001-07;2024-12-31;2;141585;CELEO REDES TRANSMISSÃO DE ENERGIA S.A.;0;1;0;85600000;100.000000;0;0.000000;85600000;100.000000;2023-10-10
31.553.627/0001-01;2024-12-31;3;141862;MOBLY S.A.;4765;86;13;44478912;41.768000;0;0.000000;44478912;41.768000;2024-09-20
31.748.174/0001-60;2024-12-31;2;141849;VERO S.A.;24;4;3;0;0.000000;0;0.000000;0;0.000000;2024-04-01
32.021.201/0001-61;2024-12-31;1;138807;ORIGEM ENERGIA S.A.;3;0;2;0;0.000000;0;0.000000;0;0.000000;2024-04-30
32.161.500/0001-00;2024-12-31;2;139879;CONCESSIONÁRIA DAS RODOVIAS INTEGRADAS DO SUL S.A.;0;1;0;0;0.000000;0;0.000000;0;0.000000;2024-04-15
32.431.519/0001-10;2024-12-31;2;139496;HÉLIO VALGAS SOLAR PARTICIPAÇÕES S.A.;0;1;0;0;0.000000;0;0.000000;0;0.000000;2023-08-28
32.681.371/0001-72;2024-12-31;3;141755;VIX LOGÍSTICA S.A.;1;1;0;0;0.000000;0;0.000000;0;0.000000;2024-04-30
32.785.497/0001-97;2024-12-31;8;142139;NATURA &CO HOLDING S.A.;53751;1064;247;850930197;61.357000;0;0.000000;850930197;61.357000;2024-04-26
33.000.167/0001-01;2024-12-31;12;142082;PETROLEO BRASILEIRO S.A. PETROBRAS;905484;5344;2372;3514947134;47.228000;4431132660;79.099000;7946079794;60.915000;2024-04-25
33.040.601/0001-87;2024-12-31;3;141841;MERCANTIL FINANCEIRA S.A. - CRÉDITO, FINANCIAMENTO E INVESTI;510;54;3;450065;4.421000;1473235;18.814000;1923300;10.679000;2024-04-25
33.041.260/0652-90;2024-12-31;6;141702;GRUPO CASAS BAHIA S.A.;316344;1079;395;94965690;99.875000;0;0.000000;94965690;99.875000;2024-04-30
33.042.730/0001-04;2024-12-31;3;141349;CIA SIDERURGICA NACIONAL;89104;1983;1922;719490672;54.256000;0;0.000000;719490672;54.256000;2024-04-26
33.050.071/0001-58;2024-12-31;4;142029;AMPLA ENERGIA E SERVICOS S.A.;1030;37;3;486175;0.191000;0;0.000000;486175;0.191000;2024-04-26
33.050.196/0001-88;2024-12-31;3;141684;CIA PAULISTA DE FORCA E LUZ;0;1;0;0;0.000000;0;0.000000;0;0.000000;2024-04-25
33.102.476/0001-92;2024-12-31;2;140723;MONTEIRO ARANHA S.A.;263;8;13;563641;4.601000;0;0.000000;563641;4.601000;2024-05-31
33.113.309/0001-47;2024-12-31;5;141753;VALID SOLUÇÕES S.A.;18618;187;200;77695217;94.940000;0;0.000000;77695217;94.940000;2024-06-30
33.130.691/0001-05;2024-12-31;5;141648;WILSON SONS S.A.;962;12;87;185443254;42.109000;0;0.000000;185443254;42.109000;2022-05-16
33.200.049/0001-47;2024-12-31;3;141565;HOTEIS OTHON S.A. - EM RECUPERAÇÃO JUDICIAL;1987;40;10;193004;1.842000;2369881;30.019000;2562885;13.950000;2023-04-28
33.228.024/0001-51;2024-12-31;3;141608;WLM PART. E COMÉRCIO DE MÁQUINAS E VEÍCULOS S.A.;4336;25;19;810490;4.891000;4690765;23.639000;5501255;15.107000;2024-04-29
33.256.439/0001-39;2024-12-31;2;141230;ULTRAPAR PARTICIPACOES S.A.;29618;719;1599;1090134379;97.731000;0;0.000000;1090134379;97.731000;2024-08-07
33.352.394/0001-04;2024-12-31;3;141295;CIA ESTADUAL DE ÁGUAS E ESGOTOS - CEDAE;666;7;0;2450;0.000000;0;0.000000;2450;0.000000;2020-12-31
33.376.989/0001-91;2024-12-31;10;141942;IRB - BRASIL RESSEGUROS S.A.;185427;849;336;81838243;99.484000;0;0.000000;81838243;99.484000;2024-04-30
33.386.210/0001-19;2024-12-31;1;138487;SONDOTECNICA ENGENHARIA SOLOS S.A.;849;8;13;20565;2.402000;299542;18.699000;320107;13.024000;2024-04-30
33.412.081/0001-96;2024-12-31;1;139670;REFINARIA DE PETROLEOS MANGUINHOS S.A.;5372;31;0;21840391;32.265000;0;0.000000;21840391;32.265000;2024-07-15
33.453.598/0001-23;2024-03-31;21;141260;RAÍZEN S.A.;120450;655;364;0;0.000000;1192947233;87.785000;1192947233;11.523000;2023-07-26
33.467.572/0001-34;2024-12-31;1;138305;TEKNO S.A. - INDUSTRIA E COMERCIO;511;13;9;379215;23.894000;553709;40.693000;932924;31.648000;2024-04-25
33.541.368/0001-16;2024-12-31;4;141872;CIA HIDRO ELÉTRICA DO SÃO FRANCISCO;0;1;0;0;0.000000;0;0.000000;0;0.000000;2023-01-04
33.572.408/0001-97;2024-12-31;3;139642;RUMO MALHA CENTRAL S.A.;0;1;0;0;0.000000;0;0.000000;0;0.000000;2021-11-11
33.592.510/0001-54;2024-12-31;8;142079;VALE S.A.;839548;16296;1751;4270903023;94.093000;12;100.000000;4270903035;94.093000;2024-06-30
33.611.500/0001-19;2024-12-31;4;142120;GERDAU S.A.;270656;3585;1350;17679115;2.453000;1242683687;89.540000;1260362802;59.776000;2024-04-16
33.839.910/0001-11;2024-12-31;5;142050;VIVARA PARTICIPAÇÕES S.A.;46993;545;884;125446075;53.111000;0;0.000000;125446075;53.111000;2024-09-02
33.938.119/0001-69;2024-12-31;2;141267;CIA DISTRIB DE GAS DO RIO DE JANEIRO-CEG;142;11;6;417891;0.161000;0;0.000000;417891;0.161000;2024-04-29
33.958.695/0001-78;2024-12-31;4;141660;UNIPAR CARBOCLORO S.A.;105516;528;365;10328833;25.861000;52603104;70.775000;62931937;55.076000;2024-04-18
34.169.557/0001-72;2024-12-31;1;138626;BCO MERCANTIL DE INVESTIMENTOS S.A.;2723;402;1;73082;1.776000;287211;40.444000;360293;7.467000;2023-12-11
34.274.233/0001-02;2024-12-31;7;141509;VIBRA ENERGIA S/A;85864;583;912;1023392529;91.456000;0;0.000000;1023392529;91.456000;2024-04-18
35.522.178/0001-87;2024-12-31;1;138338;CIA SECURITIZADORA DE CRED. FIN. CARTÕES CONSIGNADOS II;0;2;0;0;0.000000;0;0.000000;0;0.000000;2021-09-16
35.593.905/0001-05;2024-12-31;1;138055;CONCESSIONÁRIA ECOVIAS DO CERRADO S.A.;0;1;0;0;0.000000;0;0.000000;0;0.000000;2024-04-16
35.727.157/0001-06;2024-12-31;2;139116;EZ INC INCORPORAÇÕES COMERCIAIS S.A.;0;1;0;0;0.000000;0;0.000000;0;0.000000;2024-04-25
35.764.708/0001-01;2024-12-31;3;139830;BRASIL TECNOLOGIA E PARTICIPAÇÕES S.A.;0;2;0;0;0.000000;0;0.000000;0;0.000000;2024-03-15
35.791.391/0001-94;2024-12-31;2;138913;QUALITY SOFTWARE S.A.;7;1;1;0;0.000000;0;0.000000;0;0.000000;2024-04-30
35.822.503/0001-27;2024-12-31;2;139481;INSPIRALI EDUCAÇÃO S.A.;0;1;1;0;0.000000;0;0.000000;0;0.000000;2024-03-31
35.980.592/0001-30;2024-12-31;1;138813;ELEA DIGITAL INFRAESTRUTURA E REDES DE TELECOMUNICAÇÕES S.A.;0;1;0;74720161;100.000000;0;0.000000;74720161;100.000000;2022-01-19
36.146.575/0001-64;2024-12-31;2;141988;EIXO SP CONCESSIONÁRIA DE RODOVIAS S.A.;0;1;0;0;0.000000;0;0.000000;0;0.000000;2021-04-30
36.542.025/0001-64;2024-12-31;3;139728;BRQ SOLUCOES EM INFORMATICA S.A.;13;1;0;0;0.000000;0;0.000000;0;0.000000;2024-04-19
36.763.716/0001-98;2024-12-31;2;139883;CONCESSIONÁRIA CATARINENSE DE RODOVIAS S.A.;0;1;0;0;0.000000;0;0.000000;0;0.000000;2024-04-15
37.663.076/0001-07;2024-12-31;9;142049;AES BRASIL ENERGIA S.A.;193493;686;323;317284146;52.526000;0;0.000000;317284146;52.526000;2024-08-26
37.702.340/0001-74;2024-12-31;1;138788;MONTE RODOVIAS S.A.;0;2;0;0;0.000000;0;0.000000;0;0.000000;2021-07-09
38.042.694/0001-00;2024-12-31;1;137855;TRAVESSIA SECURITIZADORA DE CRÉDITOS FINANCEIROS S.A.;1;1;0;500;100.000000;0;0.000000;500;100.000000;2020-07-03
38.199.406/0001-18;2024-12-31;4;141736;RIO ALTO ENERGIAS RENOVÁVEIS S.A.;2;0;0;0;0.000000;0;0.000000;0;0.000000;2023-12-14
38.286.323/0001-66;2024-12-31;3;141888;ASSURUÁ 4 E 5 HOLDING ENERGIA S.A.;0;1;0;0;0.000000;0;0.000000;0;0.000000;2024-06-20
38.307.135/0001-77;2024-12-31;3;140951;G2D INVESTMENTS, LTD.;7412;60;15;41175709;35.787000;0;0.000000;41175709;35.787000;2024-05-17
38.456.921/0001-36;2024-12-31;3;139851;INFRACOMMERCE CXAAS S.A.;20422;87;136;524213012;82.232000;0;0.000000;524213012;82.232000;2024-04-30
38.482.780/0001-26;2024-12-31;4;142112;ANEMUS WIND HOLDING S.A.;0;3;0;0;0.000000;0;0.000000;0;0.000000;2023-07-13
39.115.514/0001-28;2024-12-31;2;141357;RUMO MALHA OESTE S.A.;0;1;0;0;0.000000;0;0.000000;0;0.000000;2019-04-30
39.346.861/0350-38;2024-12-31;2;139295;CENCOSUD BRASIL COMERCIAL S.A.;0;2;0;0;0.000000;0;0.000000;0;0.000000;2024-04-30
39.580.673/0001-01;2024-12-31;1;138717;BRK AMBIENTAL - REGIÃO METROPOLITANA DE MACEIÓ S.A.;0;1;0;0;0.000000;0;0.000000;0;0.000000;2024-04-16
39.881.421/0001-04;2024-12-31;1;139337;COMPANHIA ESTADUAL DE GERAÇÃO DE ENERGIA ELÉTRICA - CEEE-G;0;1;1;9449127;100.000000;89064;100.000000;9538191;100.000000;2024-04-30
40.159.947/0001-64;2024-12-31;5;142090;HMOBI PARTICIPAÇÕES S.A.;0;1;3;889109056;48.476000;0;0.000000;889109056;48.476000;2024-04-25
40.180.943/0001-68;2024-12-31;1;138852;REFINARIA DE MANAUS S.A.;3;0;0;0;0.000000;0;0.000000;0;0.000000;2024-04-29
40.263.170/0001-83;2024-12-31;2;139542;SOLVI ESSENCIS AMBIENTAL S.A.;0;1;0;0;0.000000;0;0.000000;0;0.000000;2024-04-30
40.337.136/0001-06;2024-12-31;4;142077;TERRA SANTA PROPRIEDADES AGRÍCOLAS S.A.;4557;24;73;52520370;54.580000;0;0.000000;52520370;54.580000;2024-04-26
40.480.481/0001-02;2024-12-31;1;138820;RIO ALTO STL HOLDING I S.A.;1;1;0;0;0.000000;0;0.000000;0;0.000000;2022-10-31
40.593.395/0001-06;2024-12-31;2;139167;IFIN PARTICIPAÇÕES S.A.;0;1;0;0;0.000000;0;0.000000;0;0.000000;2022-05-31
40.997.635/0001-20;2024-12-31;1;137892;PORTO DE VITORIA COMPANHIA SECURITIZADORA DE CREDITOS FINANC;1;1;0;0;0.000000;0;0.000000;0;0.000000;2021-04-19
41.052.420/0001-07;2024-12-31;1;138750;SOLAR BEBIDAS S.A.;15;5;0;213600847;17.948000;427201688;37.443000;640802535;27.490000;2022-04-28
41.096.674/0001-19;2024-12-31;3;138944;CANTU STORE S.A.;1;0;1;0;0.000000;49483963;100.000000;49483963;23.968000;2024-04-30
41.335.131/0001-07;2024-12-31;1;137633;MOTTU I S.A;0;1;0;13626598;100.000000;0;0.000000;13626598;100.000000;2023-12-05
41.508.382/0001-46;2024-12-31;1;138847;RODOVIAS DO BRASIL HOLDING S.A.;0;2;0;0;0.000000;0;0.000000;0;0.000000;2022-07-22
41.570.356/0001-48;2024-12-31;6;142067;VRENTAL LOCAÇÃO DE MÁQUINAS E EQUIPAMENTOS S.A.;6;1;1;32831446;100.000000;0;0.000000;32831446;100.000000;2024-03-22
41.886.692/0001-02;2024-12-31;3;139416;CONCESSIONARIA ROTA DE SANTA MARIA S.A;0;2;0;300000000;100.000000;0;0.000000;300000000;100.000000;2023-05-14
42.150.391/0001-70;2024-12-31;3;141456;BRASKEM S.A.;63709;3415;198;12906179;2.857000;265867190;76.943000;278773369;34.969000;2024-04-29
42.233.757/0001-75;2024-12-31;1;138530;ALVAREZ & MARSAL INVESTIMENTOS I S.A.;1;1;0;0;0.000000;0;0.000000;0;0.000000;2024-04-30
42.278.291/0001-24;2024-12-31;5;141857;LOG-IN LOGISTICA INTERMODAL S.A.;5005;38;67;26243392;24.456000;0;0.000000;26243392;24.456000;2024-04-18
42.278.473/0001-03;2024-12-31;2;139201;WIZ CO PARTICIPAÇÕES E CORRETAGEM DE SEGUROS S.A.;79663;372;84;75354432;47.124000;0;0.000000;75354432;47.124000;2024-04-29
42.292.007/0001-74;2024-12-31;2;140888;RIO+ SANEAMENTO BL 3 S.A.;0;1;0;0;0.000000;0;0.000000;0;0.000000;2024-04-30
42.310.775/0001-03;2024-12-31;7;140743;ÁGUAS DO RIO 1 SPE S.A.;0;1;0;0;0.000000;0;0.000000;0;0.000000;2024-04-23
42.331.462/0001-31;2024-12-31;2;138877;EMBPAR PARTICIPAÇÕES S/A;1052;14;0;1919693;12.918000;0;0.000000;1919693;12.918000;2024-04-30
42.353.180/0001-35;2024-12-31;2;141446;IGUÁ RIO DE JANEIRO S.A.;0;1;0;608830000;100.000000;0;0.000000;608830000;100.000000;2024-08-07
42.500.384/0001-51;2024-12-31;11;141618;SERENA ENERGIA S.A.;10144;81;313;417646827;67.067000;0;0.000000;417646827;67.067000;2024-04-08
42.644.220/0001-06;2024-12-31;5;140744;ÁGUAS DO RIO 4 SPE S.A.;0;1;0;0;0.000000;0;0.000000;0;0.000000;2024-04-23
42.737.954/0001-21;2024-12-31;7;141666;INTER & CO, INC.;121962;493;543;321953435;73.339000;0;0.000000;321953435;73.339000;2024-04-26
42.771.949/0001-35;2024-12-31;5;139889;ALLIANÇA SAÚDE E PARTICIPAÇÕES S.A.;3723;20;85;8074828;6.826000;0;0.000000;8074828;6.826000;2023-12-29
43.283.811/0001-50;2024-12-31;1;137921;KALUNGA S.A;2;0;0;0;0.000000;0;0.000000;0;0.000000;2022-04-30
43.335.774/0001-86;2024-12-31;1;137845;TRAVESSIA SECURITIZADORA DE CRÉDITOS MERCANTIS VI S.A.;1;1;0;0;0.000000;0;0.000000;0;0.000000;2022-05-18
43.470.988/0001-65;2024-12-31;4;142131;EVEN CONSTRUTORA E INCORPORADORA S.A.;17114;82;201;192468376;96.234000;0;0.000000;192468376;96.234000;2024-04-29
43.513.237/0001-89;2024-12-31;7;142084;AUTOMOB S.A.;9;1;0;131130036;14.985000;0;0.000000;131130036;14.985000;2024-04-30
43.514.079/0001-81;2024-12-31;1;138383;CLI SUL S.A.;0;2;0;0;0.000000;0;0.000000;0;0.000000;2024-04-29
43.776.517/0001-80;2024-12-31;10;142147;CIA SANEAMENTO BASICO EST SAO PAULO;57019;583;2878;683508568;100.000000;1;100.000000;683508569;100.000000;2024-07-22
43.948.405/0001-69;2024-12-31;1;138278;LUPO S.A.;75;4;0;50537298;25.576000;0;0.000000;50537298;25.576000;2024-04-25
44.067.725/0001-72;2024-12-31;3;141887;VIA BRASIL BR 163 CONCESSIONÁRIA DE RODOVIAS S.A.;0;1;0;0;0.000000;0;0.000000;0;0.000000;2022-10-18
44.319.688/0001-42;2024-12-31;1;138156;CONCESSIONÁRIA DO SISTEMA RODOVIÁRIO RIO-SÃO PAULO S.A;0;1;0;0;0.000000;0;0.000000;0;0.000000;2024-04-16
44.854.238/0001-50;2024-12-31;2;139839;PARSAN S.A.;0;6;0;50000000;100.000000;50000000;100.000000;100000000;100.000000;2024-04-17
45.242.914/0001-05;2024-12-31;3;141338;C&A MODAS S.A.;34502;450;253;101504341;32.930000;0;0.000000;101504341;32.930000;2023-04-28
45.365.558/0001-09;2024-12-31;3;141541;VITTIA S.A.;4717;19;182;53869719;34.819000;0;0.000000;53869719;34.819000;2024-04-25
45.453.214/0001-51;2024-12-31;2;139214;PROFARMA DISTRIB PROD FARMACEUTICOS S.A.;11348;71;6;90954395;73.461000;0;0.000000;90954395;73.461000;2024-04-25
45.456.117/0001-12;2024-12-31;2;139567;ÁGUAS DO SERTÃO S.A.;0;1;0;0;0.000000;0;0.000000;0;0.000000;2023-02-13
45.736.131/0001-70;2024-12-31;5;140032;UNIDAS LOCADORA S.A.;0;0;1;0;0.000000;0;0.000000;0;0.000000;2024-04-30
45.987.245/0001-92;2024-12-31;2;139465;BAHEMA EDUCAÇÃO S.A.;1030;30;12;5846455;22.154000;0;0.000000;5846455;22.154000;2024-04-30
46.119.855/0001-37;2024-12-31;3;142041;SOCIEDADE ABASTECIMENTO DE ÁGUA E SANEAMENTO S.A - SANASA;1;4;0;0;0.000000;0;0.000000;0;0.000000;2023-04-27
46.573.272/0001-81;2024-12-31;1;137359;PORTO SAÚDE PARTICIPAÇÕES S.A.;0;2;0;0;0.000000;0;0.000000;0;0.000000;2024-02-28
47.508.411/0001-56;2024-12-31;16;141737;CIA BRASILEIRA DE DISTRIBUICAO;52823;349;366;351963401;71.803000;0;0.000000;351963401;71.803000;2024-05-13
47.509.120/0001-82;2024-12-31;6;141835;BRADESCO LEASING S.A. ARREND MERCANTIL;0;1;0;0;0.000000;0;0.000000;0;0.000000;2024-05-10
47.586.663/0001-01;2024-12-31;2;138982;NOVA SOCIEDADE DE NAVEGAÇÃO S.A.;0;2;0;12006799;100.000000;0;0.000000;12006799;100.000000;2024-05-31
47.960.950/0001-21;2024-12-31;3;141146;MAGAZINE LUIZA S.A.;473643;1554;755;353448195;47.828000;0;0.000000;353448195;47.828000;2024-05-29
48.127.008/0001-40;2024-12-31;1;135735;CONCESSIONÁRIA RODOVIAS DO SUL DE MINAS SPE S.A.;0;2;0;0;0.000000;0;0.000000;0;0.000000;2024-04-16
48.127.012/0001-08;2024-12-31;3;141311;CONCESSIONÁRIA RODOVIAS DO TRIÂNGULO SPE S.A.;0;2;0;0;0.000000;0;0.000000;0;0.000000;2024-06-27
48.344.725/0007-19;2024-12-31;1;138067;ALTHAIA S.A. INDÚSTRIA FARMACÊUTICA;26;1;0;0;0.000000;0;0.000000;0;0.000000;2024-04-22
49.263.189/0001-02;2024-12-31;1;138799;HELBOR EMPREENDIMENTOS S.A.;26303;123;34;65595478;49.006000;0;0.000000;65595478;49.006000;2024-04-30
49.314.049/0001-08;2024-12-31;2;141330;CONCESSIONÁRIA DE RODOVIAS NOROESTE PAULISTA S.A;0;1;0;0;0.000000;0;0.000000;0;0.000000;2024-02-22
49.669.856/0001-43;2024-12-31;1;138690;VESTE S.A. ESTILO;8067;55;21;110073469;96.555000;0;0.000000;110073469;96.555000;2024-04-26
50.564.053/0001-03;2024-12-31;5;141843;BOMBRIL S.A.;8314;34;21;0;0.000000;71002961;57.776000;71002961;27.255000;2024-04-05
50.746.577/0001-15;2024-12-31;5;141352;COSAN S.A.;155346;1160;835;1165337843;62.432000;0;0.000000;1165337843;62.432000;2024-05-29
50.926.955/0001-42;2024-12-31;2;140852;VULCABRAS S.A.;18837;222;351;96358247;35.083000;0;0.000000;96358247;35.083000;2024-04-23
51.128.999/0001-90;2024-12-31;2;141768;NUTRIPLANT INDUSTRIA E COMERCIO S.A.;780;7;1;3253400;24.564000;0;0.000000;3253400;24.564000;2024-04-29
51.218.147/0001-93;2024-12-31;3;142102;IGUATEMI EMPRESA DE SHOPPING CENTERS S.A;0;1;0;0;0.000000;0;0.000000;0;0.000000;2024-04-18
51.430.503/0001-38;2024-12-31;1;137352;PORTO SERVIÇO S.A;0;2;0;0;0.000000;0;0.000000;0;0.000000;2023-11-01
51.466.860/0001-56;2024-03-31;10;140392;SAO MARTINHO S.A.;19005;152;687;142348116;41.097000;0;0.000000;142348116;41.097000;2023-07-28
51.742.485/0001-20;2024-12-31;1;135731;CONCESSIONÁRIA RODOVIAS DO CAFÉ SPE S.A.;0;2;0;0;0.000000;0;0.000000;0;0.000000;2024-04-16
51.928.174/0001-50;2024-12-31;3;139433;PLASCAR PARTICIPACOES INDUSTRIAIS S.A.;1072;21;0;4486336;36.106000;0;0.000000;4486336;36.106000;2024-04-30
52.017.473/0001-03;2024-12-31;1;139069;A&T ENGENHARIA E MANUTENÇÃO S.A;1;1;0;0;0.000000;0;0.000000;0;0.000000;2024-02-23
52.270.350/0001-71;2024-12-31;2;141879;REAG TRUST S.A;1;1;0;0;0.000000;0;0.000000;0;0.000000;2024-02-23
52.548.435/0001-79;2024-12-31;9;141858;JSL S.A.;5542;28;210;63199829;22.065000;0;0.000000;63199829;22.065000;2024-04-26
52.805.925/0001-03;2024-12-31;1;135568;REDEVCO PROPERTIES S.A;1;1;0;1;0.100000;0;0.000000;1;0.100000;2024-02-23
52.810.883/0001-07;2024-12-31;1;135567;REAG ASSET MANAGEMENT PART S.A.;1;1;0;1;0.100000;0;0.000000;1;0.100000;2024-02-23
52.841.191/0001-18;2024-12-31;1;139070;REVEE S.A.;1;1;0;0;0.000000;0;0.000000;0;0.000000;2024-02-23
53.113.791/0001-22;2024-12-31;5;141276;TOTVS S.A.;39157;316;1115;540206440;87.528000;0;0.000000;540206440;87.528000;2024-04-23
56.444.250/0001-75;2024-12-31;1;137919;HAUSCENTER SA;3;1;0;2327;100.000000;0;0.000000;2327;100.000000;2020-06-12
56.643.018/0001-66;2024-12-31;2;140417;EUCATEX S.A. INDUSTRIA E COMERCIO;6435;91;160;588537;1.883000;51230041;83.489000;51818578;55.948000;2024-04-26
56.720.428/0001-63;2024-12-31;2;142036;ROMI S.A.;51445;71;242;49874210;53.539000;0;0.000000;49874210;53.539000;2024-04-04
56.992.423/0001-90;2024-12-31;1;137883;BICICLETAS MONARK S.A.;603;20;1;100044;22.000000;0;0.000000;100044;22.000000;2024-04-30
58.119.199/0001-51;2024-12-31;4;141495;ODONTOPREV S.A.;42364;196;309;253822668;45.941000;0;0.000000;253822668;45.941000;2024-04-03
58.430.828/0001-60;2024-12-31;3;139654;BLAU FARMACÊUTICA S.A.;27261;84;132;29680739;16.545000;0;0.000000;29680739;16.545000;2024-04-29
59.105.999/0001-86;2024-12-31;5;141929;WHIRLPOOL S.A.;9391;54;18;1028700892;41.364000;474085114;100.000000;1502786006;50.752000;2024-04-29
59.285.411/0001-13;2024-12-31;10;141997;BCO PAN S.A.;56598;312;363;2;0.000000;306549680;50.310000;306549682;24.197000;2023-04-28
59.418.806/0001-47;2024-12-31;3;141815;TRACK & FIELD CO S.A.;3784;11;103;0;0.000000;52074551;72.333000;52074551;5.486000;2024-04-26
59.546.515/0001-34;2024-12-31;3;141272;FISIA COMÉRCIO DE PRODUTOS ESPORTIVOS S.A.;0;1;0;0;0.000000;0;0.000000;0;0.000000;2024-06-05
59.717.553/0001-02;2024-12-31;4;142000;GRUPO MULTI S.A.;23535;159;175;390582824;47.299000;0;0.000000;390582824;47.299000;2024-04-26
59.789.545/0001-71;2024-12-31;1;137459;POLPAR S.A.;11;2;0;0;0.000000;0;0.000000;0;0.000000;2024-04-29
59.981.829/0001-65;2024-12-31;1;138535;RODOBENS SA;8;1;0;0;0.000000;0;0.000000;0;0.000000;2024-04-30
60.398.369/0004-79;2024-12-31;5;142137;PARANAPANEMA S.A. - EM RECUPERAÇÃO JUDICIAL;23102;188;20;62257319;100.000000;0;0.000000;62257319;100.000000;2024-06-21
60.444.437/0001-46;2024-12-31;4;141773;LIGHT SERVICOS DE ELETRICIDADE S.A.;0;1;0;0;0.000000;0;0.000000;0;0.000000;2024-04-30
60.476.884/0001-87;2024-12-31;1;138391;MAHLE-METAL LEVE S.A.;90425;530;113;52865876;39.004000;0;0.000000;52865876;39.004000;2024-04-29
60.537.263/0001-66;2024-12-31;2;138945;ALLPARK EMPREENDIMENTOS, PARTICIPAÇÕES E SERVIÇOS S.A.;7031;26;30;88473137;40.767000;0;0.000000;88473137;40.767000;2024-04-24
60.543.816/0001-93;2024-12-31;5;141473;IGUATEMI S.A.;56268;1653;56;221414650;28.575000;422937698;95.454000;644352348;52.905000;2024-04-18
60.651.809/0001-05;2024-12-31;1;137841;SUZANO HOLDING S.A.;23;2;0;0;0.000000;0;0.000000;0;0.000000;2024-04-29
60.665.981/0001-18;2024-12-31;2;139271;UNIÃO QUÍMICA FARMACÊUTICA NACIONAL S.A.;1;3;0;0;0.000000;0;0.000000;0;0.000000;2024-04-25
60.730.348/0001-66;2024-12-31;2;141353;CIA MELHORAMENTOS DE SAO PAULO;272;13;5;340349;6.045000;427253;55.244000;767602;11.986000;2024-04-29
60.746.948/0001-12;2024-12-31;12;141861;BCO BRADESCO S.A.;857954;34538;1109;1484426957;27.849000;5129958973;96.575000;6614385930;62.153000;2024-05-10
60.840.055/0001-31;2024-12-31;3;141727;FLEURY S.A.;177581;339;663;464420650;84.874000;0;0.000000;464420650;84.874000;2024-04-26
60.851.615/0001-53;2024-12-31;1;138362;BARDELLA S.A. INDUSTRIAS MECANICAS EM RECUPERAÇÃO JUDICIAL;837;14;16;253725;41.787000;977187;98.427000;1230912;76.932000;2024-04-30
60.872.504/0001-23;2024-12-31;10;142022;ITAU UNIBANCO HOLDING S.A.;513029;13414;1569;402586896;8.119000;4792902422;98.907000;5195489318;52.993000;2024-04-23
60.884.319/0001-59;2024-12-31;1;137162;NORDON INDUSTRIAS METALURGICAS S.A.;333;10;0;71121;1.074000;0;0.000000;71121;1.074000;2017-04-27
60.894.730/0001-05;2024-12-31;8;141939;USINAS SID DE MINAS GERAIS S.A.-USIMINAS;135499;1316;454;161021803;22.832000;515259460;94.057000;676281263;53.970000;2024-04-25
60.933.603/0001-78;2024-12-31;1;138261;CESP - CIA ENERGETICA DE SAO PAULO;0;1;0;0;0.000000;0;0.000000;0;0.000000;2022-04-29
61.022.042/0001-18;2024-12-31;2;141999;CONSTRUTORA ADOLPHO LINDENBERG S.A.;436;2;0;448395;12.050000;0;0.000000;448395;12.050000;2024-04-15
61.065.298/0001-02;2024-12-31;1;138242;MANGELS INDUSTRIAL S.A.;1212;33;0;1547;0.075000;2833965;76.205000;2835512;49.005000;2023-04-27
61.065.751/0001-80;2024-12-31;7;141670;ROSSI RESIDENCIAL S.A. - EM RECUPERAÇÃO JUDICIAL;3492;40;10;19754919;98.712000;0;0.000000;19754919;98.712000;2024-08-15
61.079.117/0001-05;2024-12-31;4;139694;ALPARGATAS S.A.;20123;840;196;11399458;3.358000;166460180;48.453000;177859638;26.039000;2024-04-26
61.080.313/0001-91;2024-12-31;1;135983;COBRASMA S.A.;2539;36;0;17667940;43.837000;61974046;99.508000;79641986;77.635000;2016-04-30
61.082.004/0001-50;2024-12-31;2;137248;MANUFATURA DE BRINQUEDOS ESTRELA S.A.;875;25;0;142170;5.276000;5388860;99.997000;5531030;68.424000;2023-04-27
61.088.894/0001-08;2024-12-31;1;138091;CAMBUCI S.A.;4582;37;68;20914703;49.473000;0;0.000000;20914703;49.473000;2024-04-04
61.092.037/0001-81;2024-12-31;4;141790;ETERNIT S.A.;23449;120;102;61594064;99.705000;0;0.000000;61594064;99.705000;2024-04-09
61.156.113/0001-75;2024-12-31;4;142100;IOCHPE MAXION S.A.;37480;311;424;130223270;84.715000;0;0.000000;130223270;84.715000;2024-04-19
61.156.931/0001-78;2024-12-31;1;137062;SIDERURGICA J. L. ALIPERTI S.A.;4;1;0;228;3.648000;2647;18.676000;2875;14.077000;2024-04-30
61.186.680/0001-74;2024-12-31;7;142127;BANCO BMG S/A;90387;173;85;26868119;7.209000;133086962;63.213000;159955081;27.426000;2024-04-26
61.189.288/0001-89;2024-12-31;3;140567;MARISA LOJAS S.A.;38846;140;33;36274850;7.065000;0;0.000000;36274850;7.065000;2024-05-10
61.190.096/0001-92;2024-12-31;5;141812;EUROFARMA LABORATÓRIOS S.A.;1;2;0;0;0.000000;0;0.000000;0;0.000000;2024-04-30
61.351.532/0001-68;2024-12-31;8;142017;AZEVEDO E TRAVASSOS S.A.;21333;101;98;44287407;65.780000;118734802;91.153000;163022209;82.507000;2023-12-31
61.374.161/0001-30;2024-12-31;1;138436;BAUMER S.A.;943;22;0;516390;10.539000;2968736;60.586000;3485126;35.563000;2023-04-28
61.409.892/0001-73;2024-12-31;5;142073;COMPANHIA BRASILEIRA DE ALUMÍNIO;37221;652;373;204441277;31.401000;0;0.000000;204441277;31.401000;2024-01-18
61.486.650/0001-83;2024-12-31;5;141355;DIAGNOSTICOS DA AMERICA S.A.;5889;42;236;146008342;19.442000;0;0.000000;146008342;19.442000;2024-05-23
61.532.644/0001-15;2024-12-31;3;141275;ITAÚSA S.A.;908705;3839;1454;1285577779;36.221000;5504638590;81.203000;6790216369;65.745000;2024-04-30
61.584.140/0001-49;2024-12-31;1;138212;REDE ENERGIA PARTICIPAÇÕES S.A.;9258;1566;0;5186504;0.246000;0;0.000000;5186504;0.246000;2024-04-29
61.585.865/0001-51;2024-12-31;1;138773;RAIA DROGASIL S.A.;53700;213;1481;1279770315;74.492000;0;0.000000;1279770315;74.492000;2024-04-17
61.695.227/0001-93;2024-12-31;6;139968;ELETROPAULO METROP. ELET. SAO PAULO S.A.;0;1;0;0;0.000000;0;0.000000;0;0.000000;2024-04-29
61.856.571/0001-17;2024-12-31;5;141897;CIA GAS DE SAO PAULO - COMGAS;5319;95;13;163435;0.157000;975775;3.405000;1139210;0.860000;2024-04-26
62.002.886/0001-60;2024-12-31;2;142125;SAO PAULO TURISMO S.A.;2783;875;0;170215;2.024000;107515;79.045000;277730;3.251000;2023-04-27
62.070.362/0001-06;2024-12-31;2;141558;COMPANHIA DO METROPOLITANO DE SÃO PAULO - METRÔ;0;3;0;0;0.000000;0;0.000000;0;0.000000;2024-04-29
62.144.175/0001-20;2024-12-31;13;142074;BCO PINE S.A;18897;111;42;1342847;1.217000;58920198;51.928000;60263045;26.925000;2024-10-01
62.232.889/0001-90;2024-12-31;1;138602;BCO DAYCOVAL S.A.;5;0;0;0;0.000000;0;0.000000;0;0.000000;2020-03-05
62.258.884/0001-36;2024-12-31;3;141371;INTERCEMENT BRASIL S.A.;0;2;0;0;0.000000;0;0.000000;0;0.000000;2024-04-30
62.307.848/0001-15;2024-12-31;10;142107;BANCO RCI BRASIL S.A.;0;2;0;0;0.000000;0;0.000000;0;0.000000;2024-05-08
62.984.091/0001-02;2024-12-31;6;141816;CRUZEIRO DO SUL EDUCACIONAL S.A.;8326;160;52;45175512;12.392000;0;0.000000;45175512;12.392000;2024-05-27
64.904.295/0001-03;2024-02-28;5;139520;CAMIL ALIMENTOS S.A.;42741;127;101;94602711;27.029000;0;0.000000;94602711;27.029000;2023-06-30
64.904.295/0001-03;2024-02-29;2;133838;CAMIL ALIMENTOS S.A.;42741;127;101;94784379;27.081000;0;0.000000;94784379;27.081000;2023-06-30
65.654.303/0001-73;2024-12-31;6;142118;DIBENS LEASING S.A. - ARREND.MERCANTIL;0;2;0;0;0.000000;0;0.000000;0;0.000000;2024-04-30
67.010.660/0001-24;2024-12-31;4;142013;RNI NEGÓCIOS IMOBILIÁRIOS S.A.;1236;31;9;15037435;34.356000;0;0.000000;15037435;34.356000;2024-05-31
67.571.414/0001-41;2024-12-31;6;142018;VIVER INCORPORADORA E CONSTRUTORA S.A.;23665;327;8;38366082;100.000000;0;0.000000;38366082;100.000000;2024-09-27
67.620.377/0001-14;2024-12-31;2;140354;MINERVA S.A.;79453;498;397;261359935;43.038000;0;0.000000;261359935;43.038000;2024-04-29
68.400.225/0001-79;2024-06-30;5;139657;CLARANET TECHNOLOGY S.A.;0;1;0;0;0.000000;0;0.000000;0;0.000000;2024-04-03
71.208.516/0001-74;2024-12-31;5;141440;ALGAR TELECOM S/A;529;281;0;82479349;27.957000;0;0.000000;82479349;27.957000;2024-06-03
71.476.527/0001-35;2024-12-31;1;138501;CONSTRUTORA TENDA S.A.;18986;575;0;121480372;98.689000;0;0.000000;121480372;98.689000;2024-04-24
71.673.990/0001-77;2024-12-31;3;139243;NATURA COSMETICOS S.A.;0;1;0;0;0.000000;0;0.000000;0;0.000000;2024-04-29
73.178.600/0001-18;2024-12-31;3;141700;CYRELA BRAZIL REALTY S.A.EMPREEND E PART;83666;1126;709;264710610;66.220000;0;0.000000;264710610;66.220000;2024-04-25
73.903.718/0001-61;2024-12-31;1;138410;SNB PARTICIPACOES SA;1;1;0;0;0.000000;0;0.000000;0;0.000000;2019-04-25
75.315.333/0001-09;2024-12-31;3;141793;ATACADÃO S.A.;21831;457;721;532664283;25.256000;0;0.000000;532664283;25.256000;2024-04-16
75.609.123/0001-23;2024-12-31;4;138498;UNIDAS LOCAÇÕES E SERVIÇOS S.A.;0;0;1;0;0.000000;0;0.000000;0;0.000000;2024-04-30
76.483.817/0001-20;2024-12-31;7;142113;CIA PARANAENSE DE ENERGIA - COPEL;396739;3355;1292;1300330190;99.993000;1682361591;99.994000;2982691781;99.993000;2024-04-22
76.484.013/0001-45;2024-12-31;7;142046;CIA SANEAMENTO DO PARANA - SANEPAR;527863;1033;638;201077484;39.917000;1007454257;99.998000;1208531741;79.971000;2024-04-29
76.535.764/0001-43;2024-12-31;9;142020;OI S.A. - EM RECUPERAÇÃO JUDICIAL;261363;2021;119;58006108;89.997000;1558962;98.839000;59565070;90.209000;2024-06-17
76.627.504/0001-06;2024-12-31;4;139776;INEPAR S.A. INDUSTRIA E CONSTRUCOES EM RECUPERACAO JUDICIAL;0;0;0;25860380;80.867000;12589440;99.701000;38449820;86.199000;2024-05-20
79.430.682/0001-22;2024-12-31;4;139377;FARMÁCIA E DROGARIA NISSEI S.A.;0;1;0;0;0.000000;0;0.000000;0;0.000000;2024-06-20
80.680.093/0001-81;2024-12-31;2;141428;SENIOR SISTEMAS S.A.;77;25;0;62489;4.955000;0;0.000000;62489;4.955000;2024-04-23
81.106.957/0001-19;2024-12-31;1;138112;DESCARBONIZE SOLUÇÕES S.A.;0;0;1;0;0.000000;0;0.000000;0;0.000000;2024-04-19
81.243.735/0001-48;2024-12-31;11;142048;POSITIVO TECNOLOGIA S.A.;44035;139;290;72764803;51.315000;0;0.000000;72764803;51.315000;2024-04-30
81.616.807/0001-55;2024-12-31;1;138413;GRANJA FARIA S.A.;0;1;1;0;0.000000;0;0.000000;0;0.000000;2024-04-30
82.120.676/0001-83;2024-12-31;1;138483;ALMEIDA JUNIOR SHOPPING CENTERS S.A.;1;1;0;0;0.000000;0;0.000000;0;0.000000;2021-06-26
82.508.433/0001-17;2024-12-31;5;142015;CIA CATARINENSE DE AGUAS E SANEAM.-CASAN;107;18;125;61617;0.011000;50071;0.009000;111688;0.010000;2024-09-23
82.636.986/0001-55;2024-12-31;5;142070;TEKA-TECELAGEM KUEHNRICH S.A. - EM RECUPERAÇÃO JUDICIAL;910;23;0;18604;11.079000;322819;96.295000;341423;67.857000;2023-04-27
82.640.558/0001-04;2024-12-31;2;138142;KARSTEN S.A.;929;193;43;66945;2.326000;726532;21.838000;793477;12.787000;2024-04-29
82.643.537/0001-34;2024-12-31;2;138167;ELECTRO ACO ALTONA S.A.;5841;21;25;2801001;28.728000;10646970;83.506000;13447971;59.769000;2024-04-26
82.901.000/0001-27;2024-12-31;1;138561;INTELBRAS S.A. IND. DE TELECOMUNICAÇÃO ELETRÔNICA BRASILEIRA;25725;146;221;114286318;34.885000;0;0.000000;114286318;34.885000;2024-04-18
82.981.929/0001-03;2024-12-31;1;138577;CIA INDUSTRIAL SCHLOSSER S.A.;741;17;8;416403;100.000000;252980;100.000000;669383;100.000000;2010-04-30
82.982.075/0001-80;2024-12-31;2;137679;TEXTIL RENAUXVIEW S.A.;1495;32;0;171327;11.762000;1733876;61.865000;1905203;44.731000;2024-04-29
83.475.913/0001-91;2024-12-31;3;139857;PBG S/A;19965;217;34;54637350;38.753000;0;0.000000;54637350;38.753000;2024-04-30
83.878.892/0001-55;2024-12-31;7;142150;CENTRAIS ELET DE SANTA CATARINA S.A.;8305;261;70;6395653;41.190000;22813463;98.998000;29209116;75.727000;2024-04-30
84.429.695/0001-11;2024-12-31;3;141392;WEG S.A.;334172;1607;1201;1482105837;35.311000;0;0.000000;1482105837;35.311000;2024-04-23
84.683.374/0001-49;2024-12-31;5;141764;TUPY S.A.;39678;456;215;143716238;99.680000;0;0.000000;143716238;99.680000;2024-04-30
84.683.408/0001-03;2024-12-31;4;142129;DOHLER S.A.;1927;15;0;74043;0.136000;9373697;44.263000;9447740;12.490000;2024-04-30
84.683.671/0001-94;2024-12-31;2;141224;WETZEL S.A.;1195;19;10;12439;1.813000;989202;72.099000;1001641;48.671000;2024-04-05
84.684.455/0001-63;2024-12-31;2;142117;TIGRE S.A. PARTICIPAÇÕES;13;1;1;0;0.000000;0;0.000000;0;0.000000;2023-12-29
84.693.183/0001-68;2024-12-31;3;139230;SCHULZ S.A.;30717;91;234;28046336;18.368000;173390136;84.712000;201436472;56.366000;2024-04-30
85.041.333/0001-11;2024-12-31;1;138558;PORTO PONTA DO FELIX S/A;0;5;0;85937255;100.000000;145449893;100.000000;231387148;100.000000;2024-04-30
85.778.074/0001-06;2024-12-31;3;138108;METALURGICA RIOSULENSE S.A.;1144;14;14;0;0.000000;1441467;57.769000;1441467;23.739000;2024-04-17
86.375.425/0001-09;2024-12-31;3;141384;METISA METALURGICA TIMBOENSE S.A.;7;2;0;51222;1.216000;2940567;64.244000;2991789;34.037000;2024-04-25
87.043.832/0001-73;2024-12-31;3;140596;SEIVA S.A. - FLORESTAS E INDÚSTRIAS;104;1095;19;2;0.000000;432672;4.124000;432674;2.270000;2024-04-25
87.456.562/0001-22;2024-12-31;1;138655;JOSAPAR-JOAQUIM OLIVEIRA S.A. - PARTICIP;291;13;4;2110896;20.198000;130868;99.619000;2241764;21.184000;2024-04-25
87.762.563/0001-03;2024-12-31;2;139353;CIA HABITASUL DE PARTICIPACOES;175751;1043;388;0;0.000000;3841919;64.236000;3841919;42.063000;2024-04-25
87.870.952/0001-44;2024-12-31;2;140065;BORRACHAS VIPAL S.A.;1;1;0;0;0.000000;0;0.000000;0;0.000000;2024-03-04
88.610.126/0001-29;2024-12-31;5;141922;FRAS-LE S.A.;9141;41;208;89516233;33.152000;0;0.000000;89516233;33.152000;2024-04-17
88.610.191/0001-54;2024-12-31;2;141694;MUNDIAL S.A. - PRODUTOS DE CONSUMO;1316;87;0;6407320;64.583000;0;0.000000;6407320;64.583000;2024-06-04
88.611.835/0001-29;2024-12-31;3;141385;MARCOPOLO S.A.;61076;937;423;197543909;48.187000;666378439;91.747000;863922348;76.031000;2024-03-28
88.613.658/0001-10;2024-06-30;5;139863;PETTENATI S.A. INDUSTRIA TEXTIL;37658;65;0;385220;2.405000;31573760;98.577000;31958980;66.517000;2023-10-31
89.086.144/0001-16;2024-12-31;3;141604;RANDON S.A. IMPLEMENTOS E PARTICIPACOES;51140;566;586;21308966;18.289000;176650127;83.006000;197959093;60.110000;2024-04-18
89.096.457/0001-55;2024-12-31;4;141989;SLC AGRICOLA S.A.;70624;333;546;194261422;43.819000;0;0.000000;194261422;43.819000;2024-04-29
89.463.822/0001-12;2024-12-31;9;141693;LUPATECH S.A;10607;100;28;34447161;81.765000;0;0.000000;34447161;81.765000;2024-09-02
89.637.490/0001-45;2024-12-31;4;142114;KLABIN S.A.;651147;1404;1393;887175954;38.743000;3063142693;78.748000;3950318647;63.924000;2024-05-07
89.850.341/0001-60;2024-12-31;3;141998;GRENDENE S.A.;84305;159;285;268102086;29.718000;0;0.000000;268102086;29.718000;2024-04-22
90.076.886/0001-40;2024-12-31;2;139398;MINUPAR PARTICIPACOES S.A.;1411;30;10;3271914;46.083000;0;0.000000;3271914;46.083000;2024-06-28
90.400.888/0001-42;2024-12-31;6;141520;BCO SANTANDER (BRASIL) S.A.;330653;16367;936;356586730;9.346000;384391141;10.455000;740977871;9.890000;2024-04-26
90.441.460/0001-48;2024-12-31;2;141584;UNICASA INDÚSTRIA DE MÓVEIS S.A.;6134;31;8;28508438;43.138000;0;0.000000;28508438;43.138000;2024-04-29
91.333.666/0001-17;2024-12-31;2;141243;RECRUSUL S.A.;11427;27;19;1374716;12.891000;17369258;82.091000;18743974;58.902000;2024-04-29
91.669.747/0001-92;2024-12-31;1;138220;DM FINANCEIRA S.A. - CRÉDITO, FINANCIAMENTO E INVESTIMENTO;237;19;0;50303;5.487000;0;0.000000;50303;5.487000;2023-12-31
91.983.056/0001-69;2024-12-31;6;142078;KEPLER WEBER S.A.;72936;292;279;176208413;98.046000;0;0.000000;176208413;98.046000;2024-04-03
92.012.467/0001-70;2024-12-31;4;139700;GRAZZIOTIN S.A.;6045;29;49;2532987;29.277000;8803392;72.117000;11336379;54.348000;2024-06-18
92.660.570/0001-26;2024-12-31;2;139769;TREVISA INVESTIMENTOS S.A.;206;6;11;1027200;11.175000;5318302;45.879000;6345502;30.531000;2024-04-25
92.665.611/0001-77;2024-12-31;3;141597;DIMED S.A. DISTRIBUIDORA DE MEDICAMENTOS;41405;398;57;71586062;47.604000;0;0.000000;71586062;47.604000;2023-05-15
92.690.783/0001-09;2024-12-31;4;142119;METALURGICA GERDAU S.A.;225649;714;673;74533453;20.414000;661577619;99.099000;736111072;71.280000;2024-04-19
92.693.019/0001-89;2024-12-31;2;141701;PANATLANTICA S.A.;650;93;8;7599529;33.174000;706145;68.819000;8305674;34.702000;2021-08-03
92.702.067/0001-96;2024-12-31;8;142092;BCO ESTADO DO RIO GRANDE DO SUL S.A.;145440;4702;585;3829177;1.867000;203158052;99.631000;206987229;50.611000;2024-04-25
92.715.812/0001-31;2024-12-31;5;141677;CPFL TRANSMISSÃO S.A.;0;1;0;0;0.000000;0;0.000000;0;0.000000;2024-05-10
92.721.232/0001-57;2024-12-31;3;139024;BANRISUL ARMAZENS GERAIS SA;224;46;0;3626;0.518000;0;0.000000;3626;0.518000;2024-04-30
92.749.225/0001-63;2024-12-31;1;138798;HERCULES S.A. FABRICA DE TALHERES;844;40;1;2804;1.638000;201353;59.431000;204157;40.031000;2024-04-29
92.754.738/0001-62;2024-12-31;4;142088;LOJAS RENNER S.A.;114417;862;1668;955564474;99.204000;0;0.000000;955564474;99.204000;2024-04-18
92.781.335/0001-02;2024-12-31;5;141956;TAURUS ARMAS S.A.;115796;479;10;7989674;17.202000;67442691;84.105000;75432365;59.567000;2024-04-30
92.791.243/0001-03;2024-12-31;2;139334;IRANI PAPEL E EMBALAGEM S.A.;90791;551;9;106179855;44.273000;0;0.000000;106179855;44.273000;2024-04-26
92.802.784/0001-90;2024-12-31;4;142099;CIA RIOGRANDENSE DE SANEAMENTO;0;11;0;124880;2.609000;124880;0.152000;249760;0.286000;2024-08-21
93.828.986/0001-73;2024-12-31;1;137868;CEMEPE INVESTIMENTOS S.A.;736;27;0;12447;2.739000;23246;5.005000;35693;3.884000;2024-04-30
94.813.102/0001-70;2024-12-31;2;141339;TRÊS TENTOS AGROINDUSTRIAL S/A;27212;141;458;112212186;22.519000;0;0.000000;112212186;22.519000;2024-04-25
95.426.862/0001-97;2024-12-31;2;138871;EXCELSIOR ALIMENTOS S.A.;226;7;7;2223;0.078000;1506413;63.420000;1508636;28.889000;2024-04-29
96.298.013/0001-68;2024-12-31;4;142024;PACAEMBU CONSTRUTORA S.A.;40;0;0;456000;0.352000;0;0.000000;456000;0.352000;2024-09-26
96.418.264/0218-02;2024-12-31;4;142027;LOJAS QUERO QUERO S.A.;18533;123;287;187622963;96.181000;0;0.000000;187622963;96.181000;2024-04-30
97.191.902/0001-94;2024-12-31;3;141611;CONSERVAS ODERICH S.A.;429;10;0;112064;1.137000;85888;6.012000;197952;1.754000;2022-04-29
97.837.181/0001-47;2024-12-31;9;142007;DEXCO S.A.;22155;128;434;301760723;36.775000;0;0.000000;301760723;36.775000;2024-04-26
